[INFO] [1790815341.891529848] [basic_navigator]: Change map request was successful!
Cycle:  0 out of:  100
Start geometry_msgs.msg.PoseStamped(header=std_msgs.msg.Header(stamp=builtin_interfaces.msg.Time(sec=1790815343, nanosec=924962279), frame_id='map'), pose=geometry_msgs.msg.Pose(position=geometry_msgs.msg.Point(x=22.100000329315662, y=63.40000094473362, z=0.0), orientation=geometry_msgs.msg.Quaternion(x=-0.0, y=0.0, z=0.9149460091343314, w=-0.40357626338668606)))
Goal geometry_msgs.msg.PoseStamped(header=std_msgs.msg.Header(stamp=builtin_interfaces.msg.Time(sec=1790815343, nanosec=924962279), frame_id='map'), pose=geometry_msgs.msg.Pose(position=geometry_msgs.msg.Point(x=91.05000135675073, y=88.65000132098794, z=0.0), orientation=geometry_msgs.msg.Quaternion(x=0.0, y=0.0, z=0.7650602655255458, w=0.6439586866515439)))
[INFO] [1790815343.926375672] [basic_navigator]: Getting path...
[INFO] [1790815344.054965052] [basic_navigator]: Getting path...
[INFO] [1790815344.353839096] [basic_navigator]: Getting path...
[INFO] [1790815345.178881754] [basic_navigator]: Getting path...
[INFO] [1790815345.354385156] [basic_navigator]: Getting path...
Cycle:  1 out of:  100
Start geometry_msgs.msg.PoseStamped(header=std_msgs.msg.Header(stamp=builtin_interfaces.msg.Time(sec=1790815343, nanosec=924962279), frame_id='map'), pose=geometry_msgs.msg.Pose(position=geometry_msgs.msg.Point(x=59.50000088661909, y=71.75000106915832, z=0.0), orientation=geometry_msgs.msg.Quaternion(x=-0.0, y=0.0, z=0.28252338025045043, w=-0.9592604128243067)))
Goal geometry_msgs.msg.PoseStamped(header=std_msgs.msg.Header(stamp=builtin_interfaces.msg.Time(sec=1790815343, nanosec=924962279), frame_id='map'), pose=geometry_msgs.msg.Pose(position=geometry_msgs.msg.Point(x=71.70000106841326, y=24.050000358372927, z=0.0), orientation=geometry_msgs.msg.Quaternion(x=-0.0, y=0.0, z=0.29343911542801276, w=-0.9559777641435105)))
[INFO] [1790815345.402552424] [basic_navigator]: Getting path...
[INFO] [1790815345.474076991] [basic_navigator]: Getting path...
[INFO] [1790815345.599923247] [basic_navigator]: Getting path...
[INFO] [1790815345.623704554] [basic_navigator]: Getting path...
[INFO] [1790815345.683637490] [basic_navigator]: Getting path...
Cycle:  2 out of:  100
Start geometry_msgs.msg.PoseStamped(header=std_msgs.msg.Header(stamp=builtin_interfaces.msg.Time(sec=1790815343, nanosec=924962279), frame_id='map'), pose=geometry_msgs.msg.Pose(position=geometry_msgs.msg.Point(x=50.5500007532537, y=54.250000808387995, z=0.0), orientation=geometry_msgs.msg.Quaternion(x=0.0, y=0.0, z=0.7749094335978539, w=0.6320722820382596)))
Goal geometry_msgs.msg.PoseStamped(header=std_msgs.msg.Header(stamp=builtin_interfaces.msg.Time(sec=1790815343, nanosec=924962279), frame_id='map'), pose=geometry_msgs.msg.Pose(position=geometry_msgs.msg.Point(x=70.05000104382634, y=73.90000110119581, z=0.0), orientation=geometry_msgs.msg.Quaternion(x=0.0, y=0.0, z=0.2205110103680581, w=0.9753844853730544)))
[INFO] [1790815345.707828649] [basic_navigator]: Getting path...
[INFO] [1790815345.752268797] [basic_navigator]: Getting path...
[INFO] [1790815345.807366025] [basic_navigator]: Getting path...
[INFO] [1790815345.821282734] [basic_navigator]: Getting path...
[INFO] [1790815345.861150246] [basic_navigator]: Getting path...
Cycle:  3 out of:  100
Start geometry_msgs.msg.PoseStamped(header=std_msgs.msg.Header(stamp=builtin_interfaces.msg.Time(sec=1790815343, nanosec=924962279), frame_id='map'), pose=geometry_msgs.msg.Pose(position=geometry_msgs.msg.Point(x=36.65000054612756, y=47.35000070556998, z=0.0), orientation=geometry_msgs.msg.Quaternion(x=-0.0, y=0.0, z=0.9983583478528135, w=-0.05727660318664738)))
Goal geometry_msgs.msg.PoseStamped(header=std_msgs.msg.Header(stamp=builtin_interfaces.msg.Time(sec=1790815343, nanosec=924962279), frame_id='map'), pose=geometry_msgs.msg.Pose(position=geometry_msgs.msg.Point(x=81.05000120773911, y=10.350000154227018, z=0.0), orientation=geometry_msgs.msg.Quaternion(x=-0.0, y=0.0, z=0.9434270928693032, w=-0.3315800362509408)))
[INFO] [1790815345.885392056] [basic_navigator]: Getting path...
[INFO] [1790815345.994191474] [basic_navigator]: Getting path...
[INFO] [1790815346.183575108] [basic_navigator]: Getting path...
[INFO] [1790815346.490062192] [basic_navigator]: Getting path...
[INFO] [1790815346.575579103] [basic_navigator]: Getting path...
Cycle:  4 out of:  100
Start geometry_msgs.msg.PoseStamped(header=std_msgs.msg.Header(stamp=builtin_interfaces.msg.Time(sec=1790815343, nanosec=924962279), frame_id='map'), pose=geometry_msgs.msg.Pose(position=geometry_msgs.msg.Point(x=33.70000050216913, y=91.65000136569142, z=0.0), orientation=geometry_msgs.msg.Quaternion(x=-0.0, y=0.0, z=0.22431807558778794, w=-0.9745159829190034)))
Goal geometry_msgs.msg.PoseStamped(header=std_msgs.msg.Header(stamp=builtin_interfaces.msg.Time(sec=1790815343, nanosec=924962279), frame_id='map'), pose=geometry_msgs.msg.Pose(position=geometry_msgs.msg.Point(x=83.30000124126673, y=61.85000092163682, z=0.0), orientation=geometry_msgs.msg.Quaternion(x=-0.0, y=0.0, z=0.842043407038335, w=-0.5394097706412749)))
[INFO] [1790815346.651555796] [basic_navigator]: Getting path...
[INFO] [1790815346.716347135] [basic_navigator]: Getting path...
[INFO] [1790815346.803483402] [basic_navigator]: Getting path...
[INFO] [1790815346.835892795] [basic_navigator]: Getting path...
[INFO] [1790815346.917976991] [basic_navigator]: Getting path...
Cycle:  5 out of:  100
Start geometry_msgs.msg.PoseStamped(header=std_msgs.msg.Header(stamp=builtin_interfaces.msg.Time(sec=1790815343, nanosec=924962279), frame_id='map'), pose=geometry_msgs.msg.Pose(position=geometry_msgs.msg.Point(x=93.50000139325857, y=17.00000025331974, z=0.0), orientation=geometry_msgs.msg.Quaternion(x=0.0, y=0.0, z=0.1750835424573388, w=0.984553580644847)))
Goal geometry_msgs.msg.PoseStamped(header=std_msgs.msg.Header(stamp=builtin_interfaces.msg.Time(sec=1790815343, nanosec=924962279), frame_id='map'), pose=geometry_msgs.msg.Pose(position=geometry_msgs.msg.Point(x=26.80000039935112, y=34.1000005081296, z=0.0), orientation=geometry_msgs.msg.Quaternion(x=-0.0, y=0.0, z=0.029807282539767974, w=-0.999555664236662)))
[INFO] [1790815346.950046675] [basic_navigator]: Getting path...
[INFO] [1790815347.020658212] [basic_navigator]: Getting path...
[INFO] [1790815347.287337013] [basic_navigator]: Getting path...
[INFO] [1790815347.337248449] [basic_navigator]: Getting path...
[INFO] [1790815347.441745803] [basic_navigator]: Getting path...
Cycle:  6 out of:  100
Start geometry_msgs.msg.PoseStamped(header=std_msgs.msg.Header(stamp=builtin_interfaces.msg.Time(sec=1790815343, nanosec=924962279), frame_id='map'), pose=geometry_msgs.msg.Pose(position=geometry_msgs.msg.Point(x=81.75000121816993, y=11.750000175088644, z=0.0), orientation=geometry_msgs.msg.Quaternion(x=0.0, y=0.0, z=0.9124961315329998, w=0.4090853333197247)))
Goal geometry_msgs.msg.PoseStamped(header=std_msgs.msg.Header(stamp=builtin_interfaces.msg.Time(sec=1790815343, nanosec=924962279), frame_id='map'), pose=geometry_msgs.msg.Pose(position=geometry_msgs.msg.Point(x=37.90000056475401, y=71.90000107139349, z=0.0), orientation=geometry_msgs.msg.Quaternion(x=-0.0, y=0.0, z=0.6623299536634916, w=-0.7492122746459224)))
[INFO] [1790815347.485553882] [basic_navigator]: Getting path...
[INFO] [1790815347.573145108] [basic_navigator]: Getting path...
[INFO] [1790815347.874413889] [basic_navigator]: Getting path...
[INFO] [1790815348.492651383] [basic_navigator]: Getting path...
[INFO] [1790815348.633727411] [basic_navigator]: Getting path...
Cycle:  7 out of:  100
Start geometry_msgs.msg.PoseStamped(header=std_msgs.msg.Header(stamp=builtin_interfaces.msg.Time(sec=1790815343, nanosec=924962279), frame_id='map'), pose=geometry_msgs.msg.Pose(position=geometry_msgs.msg.Point(x=32.9000004902482, y=57.50000085681677, z=0.0), orientation=geometry_msgs.msg.Quaternion(x=0.0, y=0.0, z=0.8445086699587137, w=0.5355418810555944)))
Goal geometry_msgs.msg.PoseStamped(header=std_msgs.msg.Header(stamp=builtin_interfaces.msg.Time(sec=1790815343, nanosec=924962279), frame_id='map'), pose=geometry_msgs.msg.Pose(position=geometry_msgs.msg.Point(x=58.70000087469816, y=41.20000061392784, z=0.0), orientation=geometry_msgs.msg.Quaternion(x=-0.0, y=0.0, z=0.8785625082859, w=-0.47762738513865366)))
[INFO] [1790815348.821191640] [basic_navigator]: Getting path...
[INFO] [1790815348.868939745] [basic_navigator]: Getting path...
[INFO] [1790815348.914880197] [basic_navigator]: Getting path...
[INFO] [1790815348.942085393] [basic_navigator]: Getting path...
[INFO] [1790815348.982862407] [basic_navigator]: Getting path...
Cycle:  8 out of:  100
Start geometry_msgs.msg.PoseStamped(header=std_msgs.msg.Header(stamp=builtin_interfaces.msg.Time(sec=1790815343, nanosec=924962279), frame_id='map'), pose=geometry_msgs.msg.Pose(position=geometry_msgs.msg.Point(x=45.35000067576766, y=61.80000092089176, z=0.0), orientation=geometry_msgs.msg.Quaternion(x=0.0, y=0.0, z=0.9398574186615697, w=0.3415670250284867)))
Goal geometry_msgs.msg.PoseStamped(header=std_msgs.msg.Header(stamp=builtin_interfaces.msg.Time(sec=1790815343, nanosec=924962279), frame_id='map'), pose=geometry_msgs.msg.Pose(position=geometry_msgs.msg.Point(x=16.25000024214387, y=75.3500011228025, z=0.0), orientation=geometry_msgs.msg.Quaternion(x=-0.0, y=0.0, z=0.370497966013929, w=-0.9288332773859588)))
[INFO] [1790815349.031076856] [basic_navigator]: Getting path...
[INFO] [1790815349.078724287] [basic_navigator]: Getting path...
[INFO] [1790815349.118722651] [basic_navigator]: Getting path...
SmacHybrid planner failed to produce the path
One of the planners was invalid
Cycle:  8 out of:  100
Start geometry_msgs.msg.PoseStamped(header=std_msgs.msg.Header(stamp=builtin_interfaces.msg.Time(sec=1790815343, nanosec=924962279), frame_id='map'), pose=geometry_msgs.msg.Pose(position=geometry_msgs.msg.Point(x=94.35000140592456, y=42.30000063031912, z=0.0), orientation=geometry_msgs.msg.Quaternion(x=-0.0, y=0.0, z=0.9209564404848665, w=-0.3896655421376704)))
Goal geometry_msgs.msg.PoseStamped(header=std_msgs.msg.Header(stamp=builtin_interfaces.msg.Time(sec=1790815343, nanosec=924962279), frame_id='map'), pose=geometry_msgs.msg.Pose(position=geometry_msgs.msg.Point(x=62.30000092834234, y=74.90000111609697, z=0.0), orientation=geometry_msgs.msg.Quaternion(x=-0.0, y=0.0, z=0.448208826549532, w=-0.893928882967259)))
[INFO] [1790815349.791942625] [basic_navigator]: Getting path...
[INFO] [1790815349.844582354] [basic_navigator]: Getting path...
[INFO] [1790815349.922290422] [basic_navigator]: Getting path...
[INFO] [1790815350.287765979] [basic_navigator]: Getting path...
[INFO] [1790815350.330892870] [basic_navigator]: Getting path...
Cycle:  9 out of:  100
Start geometry_msgs.msg.PoseStamped(header=std_msgs.msg.Header(stamp=builtin_interfaces.msg.Time(sec=1790815343, nanosec=924962279), frame_id='map'), pose=geometry_msgs.msg.Pose(position=geometry_msgs.msg.Point(x=20.250000301748514, y=11.450000170618296, z=0.0), orientation=geometry_msgs.msg.Quaternion(x=0.0, y=0.0, z=0.2888269656037274, w=0.9573813158507656)))
Goal geometry_msgs.msg.PoseStamped(header=std_msgs.msg.Header(stamp=builtin_interfaces.msg.Time(sec=1790815343, nanosec=924962279), frame_id='map'), pose=geometry_msgs.msg.Pose(position=geometry_msgs.msg.Point(x=25.7500003837049, y=40.6500006057322, z=0.0), orientation=geometry_msgs.msg.Quaternion(x=-0.0, y=0.0, z=0.40554942703513847, w=-0.9140731164581261)))
[INFO] [1790815350.484645271] [basic_navigator]: Getting path...
[INFO] [1790815350.517534217] [basic_navigator]: Getting path...
[INFO] [1790815350.587998164] [basic_navigator]: Getting path...
[INFO] [1790815351.032858434] [basic_navigator]: Getting path...
[INFO] [1790815351.061220810] [basic_navigator]: Getting path...
Cycle:  10 out of:  100
Start geometry_msgs.msg.PoseStamped(header=std_msgs.msg.Header(stamp=builtin_interfaces.msg.Time(sec=1790815343, nanosec=924962279), frame_id='map'), pose=geometry_msgs.msg.Pose(position=geometry_msgs.msg.Point(x=71.90000107139349, y=74.30000110715628, z=0.0), orientation=geometry_msgs.msg.Quaternion(x=0.0, y=0.0, z=0.9393262560592195, w=0.34302504963598435)))
Goal geometry_msgs.msg.PoseStamped(header=std_msgs.msg.Header(stamp=builtin_interfaces.msg.Time(sec=1790815343, nanosec=924962279), frame_id='map'), pose=geometry_msgs.msg.Pose(position=geometry_msgs.msg.Point(x=53.450000796467066, y=66.20000098645687, z=0.0), orientation=geometry_msgs.msg.Quaternion(x=-0.0, y=0.0, z=0.6136429731292686, w=-0.7895836254185313)))
[INFO] [1790815351.302354456] [basic_navigator]: Getting path...
[INFO] [1790815351.326461399] [basic_navigator]: Getting path...
[INFO] [1790815351.355015560] [basic_navigator]: Getting path...
[INFO] [1790815351.370659022] [basic_navigator]: Getting path...
[INFO] [1790815351.389163277] [basic_navigator]: Getting path...
Cycle:  11 out of:  100
Start geometry_msgs.msg.PoseStamped(header=std_msgs.msg.Header(stamp=builtin_interfaces.msg.Time(sec=1790815343, nanosec=924962279), frame_id='map'), pose=geometry_msgs.msg.Pose(position=geometry_msgs.msg.Point(x=60.150000896304846, y=65.35000097379088, z=0.0), orientation=geometry_msgs.msg.Quaternion(x=0.0, y=0.0, z=0.989699935794243, w=0.14315738572938277)))
Goal geometry_msgs.msg.PoseStamped(header=std_msgs.msg.Header(stamp=builtin_interfaces.msg.Time(sec=1790815343, nanosec=924962279), frame_id='map'), pose=geometry_msgs.msg.Pose(position=geometry_msgs.msg.Point(x=36.500000543892384, y=93.15000138804317, z=0.0), orientation=geometry_msgs.msg.Quaternion(x=0.0, y=0.0, z=0.999047607034641, w=0.043633460536124755)))
[INFO] [1790815351.779053492] [basic_navigator]: Getting path...
[INFO] [1790815351.831376395] [basic_navigator]: Getting path...
[INFO] [1790815351.900850213] [basic_navigator]: Getting path...
[INFO] [1790815351.945081431] [basic_navigator]: Getting path...
[INFO] [1790815351.967532503] [basic_navigator]: Getting path...
Cycle:  12 out of:  100
Start geometry_msgs.msg.PoseStamped(header=std_msgs.msg.Header(stamp=builtin_interfaces.msg.Time(sec=1790815343, nanosec=924962279), frame_id='map'), pose=geometry_msgs.msg.Pose(position=geometry_msgs.msg.Point(x=54.250000808387995, y=5.950000088661909, z=0.0), orientation=geometry_msgs.msg.Quaternion(x=0.0, y=0.0, z=0.9295095220944305, w=0.3687981132486761)))
Goal geometry_msgs.msg.PoseStamped(header=std_msgs.msg.Header(stamp=builtin_interfaces.msg.Time(sec=1790815343, nanosec=924962279), frame_id='map'), pose=geometry_msgs.msg.Pose(position=geometry_msgs.msg.Point(x=84.90000126510859, y=82.60000123083591, z=0.0), orientation=geometry_msgs.msg.Quaternion(x=0.0, y=0.0, z=0.9068802514910104, w=0.4213884306143225)))
[INFO] [1790815351.984753448] [basic_navigator]: Getting path...
[INFO] [1790815352.091607720] [basic_navigator]: Getting path...
[INFO] [1790815352.438099057] [basic_navigator]: Getting path...
[INFO] [1790815352.489166715] [basic_navigator]: Getting path...
[INFO] [1790815352.673131031] [basic_navigator]: Getting path...
Cycle:  13 out of:  100
Start geometry_msgs.msg.PoseStamped(header=std_msgs.msg.Header(stamp=builtin_interfaces.msg.Time(sec=1790815343, nanosec=924962279), frame_id='map'), pose=geometry_msgs.msg.Pose(position=geometry_msgs.msg.Point(x=69.95000104233623, y=60.50000090152025, z=0.0), orientation=geometry_msgs.msg.Quaternion(x=0.0, y=0.0, z=0.9843421792554682, w=0.1762681881072017)))
Goal geometry_msgs.msg.PoseStamped(header=std_msgs.msg.Header(stamp=builtin_interfaces.msg.Time(sec=1790815343, nanosec=924962279), frame_id='map'), pose=geometry_msgs.msg.Pose(position=geometry_msgs.msg.Point(x=94.35000140592456, y=37.250000555068254, z=0.0), orientation=geometry_msgs.msg.Quaternion(x=-0.0, y=0.0, z=0.34198493482265935, w=-0.9397054348860293)))
[INFO] [1790815352.734326431] [basic_navigator]: Getting path...
[INFO] [1790815352.781647251] [basic_navigator]: Getting path...
[INFO] [1790815352.832134931] [basic_navigator]: Getting path...
[INFO] [1790815352.847549597] [basic_navigator]: Getting path...
[INFO] [1790815352.878145575] [basic_navigator]: Getting path...
Cycle:  14 out of:  100
Start geometry_msgs.msg.PoseStamped(header=std_msgs.msg.Header(stamp=builtin_interfaces.msg.Time(sec=1790815343, nanosec=924962279), frame_id='map'), pose=geometry_msgs.msg.Pose(position=geometry_msgs.msg.Point(x=93.3500013910234, y=76.85000114515424, z=0.0), orientation=geometry_msgs.msg.Quaternion(x=0.0, y=0.0, z=0.49056983564086876, w=0.8714018799378912)))
Goal geometry_msgs.msg.PoseStamped(header=std_msgs.msg.Header(stamp=builtin_interfaces.msg.Time(sec=1790815343, nanosec=924962279), frame_id='map'), pose=geometry_msgs.msg.Pose(position=geometry_msgs.msg.Point(x=79.65000118687749, y=55.65000082924962, z=0.0), orientation=geometry_msgs.msg.Quaternion(x=-0.0, y=0.0, z=0.9384490977505017, w=-0.3454175602531947)))
[INFO] [1790815352.898762862] [basic_navigator]: Getting path...
[INFO] [1790815352.928171429] [basic_navigator]: Getting path...
[INFO] [1790815352.953650352] [basic_navigator]: Getting path...
[INFO] [1790815352.967873536] [basic_navigator]: Getting path...
[INFO] [1790815352.990576274] [basic_navigator]: Getting path...
Cycle:  15 out of:  100
Start geometry_msgs.msg.PoseStamped(header=std_msgs.msg.Header(stamp=builtin_interfaces.msg.Time(sec=1790815343, nanosec=924962279), frame_id='map'), pose=geometry_msgs.msg.Pose(position=geometry_msgs.msg.Point(x=75.7000011280179, y=8.400000125169754, z=0.0), orientation=geometry_msgs.msg.Quaternion(x=0.0, y=0.0, z=0.27133958392478225, w=0.9624836778852544)))
Goal geometry_msgs.msg.PoseStamped(header=std_msgs.msg.Header(stamp=builtin_interfaces.msg.Time(sec=1790815343, nanosec=924962279), frame_id='map'), pose=geometry_msgs.msg.Pose(position=geometry_msgs.msg.Point(x=79.70000118762255, y=66.60000099241734, z=0.0), orientation=geometry_msgs.msg.Quaternion(x=0.0, y=0.0, z=0.7739533060452684, w=0.6332426707523737)))
[INFO] [1790815353.007081877] [basic_navigator]: Getting path...
[INFO] [1790815353.099775618] [basic_navigator]: Getting path...
[INFO] [1790815353.219282806] [basic_navigator]: Getting path...
[INFO] [1790815353.245083509] [basic_navigator]: Getting path...
[INFO] [1790815353.290820188] [basic_navigator]: Getting path...
Cycle:  16 out of:  100
Start geometry_msgs.msg.PoseStamped(header=std_msgs.msg.Header(stamp=builtin_interfaces.msg.Time(sec=1790815343, nanosec=924962279), frame_id='map'), pose=geometry_msgs.msg.Pose(position=geometry_msgs.msg.Point(x=48.20000071823597, y=33.600000500679016, z=0.0), orientation=geometry_msgs.msg.Quaternion(x=-0.0, y=0.0, z=0.16630605790783765, w=-0.9860741833671314)))
Goal geometry_msgs.msg.PoseStamped(header=std_msgs.msg.Header(stamp=builtin_interfaces.msg.Time(sec=1790815343, nanosec=924962279), frame_id='map'), pose=geometry_msgs.msg.Pose(position=geometry_msgs.msg.Point(x=94.75000141188502, y=53.35000079497695, z=0.0), orientation=geometry_msgs.msg.Quaternion(x=-0.0, y=0.0, z=0.9272606279975824, w=-0.37441651641658263)))
[INFO] [1790815353.320176094] [basic_navigator]: Getting path...
[INFO] [1790815353.402368119] [basic_navigator]: Getting path...
[INFO] [1790815353.487502506] [basic_navigator]: Getting path...
[INFO] [1790815353.518069846] [basic_navigator]: Getting path...
[INFO] [1790815353.581146476] [basic_navigator]: Getting path...
Cycle:  17 out of:  100
Start geometry_msgs.msg.PoseStamped(header=std_msgs.msg.Header(stamp=builtin_interfaces.msg.Time(sec=1790815343, nanosec=924962279), frame_id='map'), pose=geometry_msgs.msg.Pose(position=geometry_msgs.msg.Point(x=54.30000080913305, y=82.55000123009086, z=0.0), orientation=geometry_msgs.msg.Quaternion(x=0.0, y=0.0, z=0.9385390165354993, w=0.3451731658755903)))
Goal geometry_msgs.msg.PoseStamped(header=std_msgs.msg.Header(stamp=builtin_interfaces.msg.Time(sec=1790815343, nanosec=924962279), frame_id='map'), pose=geometry_msgs.msg.Pose(position=geometry_msgs.msg.Point(x=45.65000068023801, y=82.70000123232603, z=0.0), orientation=geometry_msgs.msg.Quaternion(x=0.0, y=0.0, z=0.8403056672609195, w=0.5421128900599771)))
[INFO] [1790815353.609632490] [basic_navigator]: Getting path...
[INFO] [1790815353.624809557] [basic_navigator]: Getting path...
[INFO] [1790815353.631746939] [basic_navigator]: Getting path...
[INFO] [1790815353.637231997] [basic_navigator]: Getting path...
[INFO] [1790815353.643255529] [basic_navigator]: Getting path...
Cycle:  18 out of:  100
Start geometry_msgs.msg.PoseStamped(header=std_msgs.msg.Header(stamp=builtin_interfaces.msg.Time(sec=1790815343, nanosec=924962279), frame_id='map'), pose=geometry_msgs.msg.Pose(position=geometry_msgs.msg.Point(x=23.95000035688281, y=15.800000235438347, z=0.0), orientation=geometry_msgs.msg.Quaternion(x=-0.0, y=0.0, z=0.26391866462254737, w=-0.9645449385403727)))
Goal geometry_msgs.msg.PoseStamped(header=std_msgs.msg.Header(stamp=builtin_interfaces.msg.Time(sec=1790815343, nanosec=924962279), frame_id='map'), pose=geometry_msgs.msg.Pose(position=geometry_msgs.msg.Point(x=82.8500012345612, y=22.6500003375113, z=0.0), orientation=geometry_msgs.msg.Quaternion(x=-0.0, y=0.0, z=0.7621367623294143, w=-0.6474160605870369)))
[INFO] [1790815353.651240238] [basic_navigator]: Getting path...
[INFO] [1790815353.724392551] [basic_navigator]: Getting path...
[INFO] [1790815353.914140145] [basic_navigator]: Getting path...
[INFO] [1790815354.554679033] [basic_navigator]: Getting path...
[INFO] [1790815354.642128498] [basic_navigator]: Getting path...
Cycle:  19 out of:  100
Start geometry_msgs.msg.PoseStamped(header=std_msgs.msg.Header(stamp=builtin_interfaces.msg.Time(sec=1790815343, nanosec=924962279), frame_id='map'), pose=geometry_msgs.msg.Pose(position=geometry_msgs.msg.Point(x=49.40000073611736, y=48.800000727176666, z=0.0), orientation=geometry_msgs.msg.Quaternion(x=-0.0, y=0.0, z=0.21579719308164327, w=-0.976438206676738)))
Goal geometry_msgs.msg.PoseStamped(header=std_msgs.msg.Header(stamp=builtin_interfaces.msg.Time(sec=1790815343, nanosec=924962279), frame_id='map'), pose=geometry_msgs.msg.Pose(position=geometry_msgs.msg.Point(x=71.15000106021762, y=39.25000058487058, z=0.0), orientation=geometry_msgs.msg.Quaternion(x=-0.0, y=0.0, z=0.40018314321708454, w=-0.9164351869526259)))
[INFO] [1790815355.047593197] [basic_navigator]: Getting path...
[INFO] [1790815355.078150435] [basic_navigator]: Getting path...
[INFO] [1790815355.104202161] [basic_navigator]: Getting path...
[INFO] [1790815355.123929230] [basic_navigator]: Getting path...
[INFO] [1790815355.141002331] [basic_navigator]: Getting path...
Cycle:  20 out of:  100
Start geometry_msgs.msg.PoseStamped(header=std_msgs.msg.Header(stamp=builtin_interfaces.msg.Time(sec=1790815343, nanosec=924962279), frame_id='map'), pose=geometry_msgs.msg.Pose(position=geometry_msgs.msg.Point(x=93.20000138878822, y=81.80000121891499, z=0.0), orientation=geometry_msgs.msg.Quaternion(x=-0.0, y=0.0, z=0.9631818786560784, w=-0.26885064371979356)))
Goal geometry_msgs.msg.PoseStamped(header=std_msgs.msg.Header(stamp=builtin_interfaces.msg.Time(sec=1790815343, nanosec=924962279), frame_id='map'), pose=geometry_msgs.msg.Pose(position=geometry_msgs.msg.Point(x=8.550000127404928, y=57.350000854581594, z=0.0), orientation=geometry_msgs.msg.Quaternion(x=-0.0, y=0.0, z=0.45325158005108707, w=-0.8913826367958897)))
[INFO] [1790815355.159532339] [basic_navigator]: Getting path...
[INFO] [1790815355.291448177] [basic_navigator]: Getting path...
[INFO] [1790815355.659946055] [basic_navigator]: Getting path...
[INFO] [1790815355.702895191] [basic_navigator]: Getting path...
[INFO] [1790815355.892827296] [basic_navigator]: Getting path...
Cycle:  21 out of:  100
Start geometry_msgs.msg.PoseStamped(header=std_msgs.msg.Header(stamp=builtin_interfaces.msg.Time(sec=1790815343, nanosec=924962279), frame_id='map'), pose=geometry_msgs.msg.Pose(position=geometry_msgs.msg.Point(x=78.85000117495656, y=69.00000102818012, z=0.0), orientation=geometry_msgs.msg.Quaternion(x=0.0, y=0.0, z=0.040402363156815765, w=0.9991834911823477)))
Goal geometry_msgs.msg.PoseStamped(header=std_msgs.msg.Header(stamp=builtin_interfaces.msg.Time(sec=1790815343, nanosec=924962279), frame_id='map'), pose=geometry_msgs.msg.Pose(position=geometry_msgs.msg.Point(x=32.65000048652291, y=86.60000129044056, z=0.0), orientation=geometry_msgs.msg.Quaternion(x=-0.0, y=0.0, z=0.4599721905834866, w=-0.8879333217589194)))
[INFO] [1790815355.948355359] [basic_navigator]: Getting path...
[INFO] [1790815356.017256428] [basic_navigator]: Getting path...
[INFO] [1790815356.182947866] [basic_navigator]: Getting path...
SmacHybrid planner failed to produce the path
One of the planners was invalid
Cycle:  21 out of:  100
Start geometry_msgs.msg.PoseStamped(header=std_msgs.msg.Header(stamp=builtin_interfaces.msg.Time(sec=1790815343, nanosec=924962279), frame_id='map'), pose=geometry_msgs.msg.Pose(position=geometry_msgs.msg.Point(x=25.300000376999378, y=17.00000025331974, z=0.0), orientation=geometry_msgs.msg.Quaternion(x=-0.0, y=0.0, z=0.41953249429867673, w=-0.9077403187187021)))
Goal geometry_msgs.msg.PoseStamped(header=std_msgs.msg.Header(stamp=builtin_interfaces.msg.Time(sec=1790815343, nanosec=924962279), frame_id='map'), pose=geometry_msgs.msg.Pose(position=geometry_msgs.msg.Point(x=67.3500010035932, y=25.350000377744436, z=0.0), orientation=geometry_msgs.msg.Quaternion(x=0.0, y=0.0, z=0.2227468327762742, w=0.9748763247141344)))
[INFO] [1790815356.929220319] [basic_navigator]: Getting path...
[INFO] [1790815356.982165933] [basic_navigator]: Getting path...
[INFO] [1790815357.100124364] [basic_navigator]: Getting path...
[INFO] [1790815357.141861002] [basic_navigator]: Getting path...
[INFO] [1790815357.200119522] [basic_navigator]: Getting path...
Cycle:  22 out of:  100
Start geometry_msgs.msg.PoseStamped(header=std_msgs.msg.Header(stamp=builtin_interfaces.msg.Time(sec=1790815343, nanosec=924962279), frame_id='map'), pose=geometry_msgs.msg.Pose(position=geometry_msgs.msg.Point(x=63.70000094920397, y=6.100000090897083, z=0.0), orientation=geometry_msgs.msg.Quaternion(x=0.0, y=0.0, z=0.9790779348243844, w=0.20348561998337494)))
Goal geometry_msgs.msg.PoseStamped(header=std_msgs.msg.Header(stamp=builtin_interfaces.msg.Time(sec=1790815343, nanosec=924962279), frame_id='map'), pose=geometry_msgs.msg.Pose(position=geometry_msgs.msg.Point(x=7.350000109523535, y=47.300000704824924, z=0.0), orientation=geometry_msgs.msg.Quaternion(x=-0.0, y=0.0, z=0.2589911245701928, w=-0.9658797013054301)))
[INFO] [1790815357.268141785] [basic_navigator]: Getting path...
[INFO] [1790815357.357857695] [basic_navigator]: Getting path...
[INFO] [1790815357.570501658] [basic_navigator]: Getting path...
SmacHybrid planner failed to produce the path
One of the planners was invalid
Cycle:  22 out of:  100
Start geometry_msgs.msg.PoseStamped(header=std_msgs.msg.Header(stamp=builtin_interfaces.msg.Time(sec=1790815343, nanosec=924962279), frame_id='map'), pose=geometry_msgs.msg.Pose(position=geometry_msgs.msg.Point(x=92.50000137835741, y=88.30000131577253, z=0.0), orientation=geometry_msgs.msg.Quaternion(x=0.0, y=0.0, z=0.4203750121356571, w=0.9073504555418188)))
Goal geometry_msgs.msg.PoseStamped(header=std_msgs.msg.Header(stamp=builtin_interfaces.msg.Time(sec=1790815343, nanosec=924962279), frame_id='map'), pose=geometry_msgs.msg.Pose(position=geometry_msgs.msg.Point(x=84.90000126510859, y=9.050000134855509, z=0.0), orientation=geometry_msgs.msg.Quaternion(x=0.0, y=0.0, z=0.0653736513712896, w=0.9978608548822752)))
[INFO] [1790815358.234410446] [basic_navigator]: Getting path...
[INFO] [1790815358.325063471] [basic_navigator]: Getting path...
[INFO] [1790815358.654992600] [basic_navigator]: Getting path...
[INFO] [1790815358.967468325] [basic_navigator]: Getting path...
[INFO] [1790815359.111950518] [basic_navigator]: Getting path...
Cycle:  23 out of:  100
Start geometry_msgs.msg.PoseStamped(header=std_msgs.msg.Header(stamp=builtin_interfaces.msg.Time(sec=1790815343, nanosec=924962279), frame_id='map'), pose=geometry_msgs.msg.Pose(position=geometry_msgs.msg.Point(x=39.25000058487058, y=16.50000024586916, z=0.0), orientation=geometry_msgs.msg.Quaternion(x=0.0, y=0.0, z=0.9133279884534671, w=0.4072247358738704)))
Goal geometry_msgs.msg.PoseStamped(header=std_msgs.msg.Header(stamp=builtin_interfaces.msg.Time(sec=1790815343, nanosec=924962279), frame_id='map'), pose=geometry_msgs.msg.Pose(position=geometry_msgs.msg.Point(x=80.85000120475888, y=86.85000129416585, z=0.0), orientation=geometry_msgs.msg.Quaternion(x=0.0, y=0.0, z=0.9999966825284409, w=0.0025758361967915836)))
[INFO] [1790815359.199354261] [basic_navigator]: Getting path...
[INFO] [1790815359.307974481] [basic_navigator]: Getting path...
[INFO] [1790815359.629298112] [basic_navigator]: Getting path...
[INFO] [1790815359.693615738] [basic_navigator]: Getting path...
[INFO] [1790815359.884954443] [basic_navigator]: Getting path...
Cycle:  24 out of:  100
Start geometry_msgs.msg.PoseStamped(header=std_msgs.msg.Header(stamp=builtin_interfaces.msg.Time(sec=1790815343, nanosec=924962279), frame_id='map'), pose=geometry_msgs.msg.Pose(position=geometry_msgs.msg.Point(x=8.150000121444464, y=36.65000054612756, z=0.0), orientation=geometry_msgs.msg.Quaternion(x=-0.0, y=0.0, z=0.6965962689390851, w=-0.7174633357183807)))
Goal geometry_msgs.msg.PoseStamped(header=std_msgs.msg.Header(stamp=builtin_interfaces.msg.Time(sec=1790815343, nanosec=924962279), frame_id='map'), pose=geometry_msgs.msg.Pose(position=geometry_msgs.msg.Point(x=6.650000099092722, y=90.55000134930015, z=0.0), orientation=geometry_msgs.msg.Quaternion(x=-0.0, y=0.0, z=0.5743718033201006, w=-0.8185945464946707)))
[INFO] [1790815359.945925747] [basic_navigator]: Getting path...
[INFO] [1790815360.007451960] [basic_navigator]: Getting path...
[INFO] [1790815360.112199688] [basic_navigator]: Getting path...
[INFO] [1790815360.653001125] [basic_navigator]: Getting path...
[INFO] [1790815360.701214843] [basic_navigator]: Getting path...
Cycle:  25 out of:  100
Start geometry_msgs.msg.PoseStamped(header=std_msgs.msg.Header(stamp=builtin_interfaces.msg.Time(sec=1790815343, nanosec=924962279), frame_id='map'), pose=geometry_msgs.msg.Pose(position=geometry_msgs.msg.Point(x=93.30000139027834, y=55.95000083371997, z=0.0), orientation=geometry_msgs.msg.Quaternion(x=0.0, y=0.0, z=0.7911400630435411, w=0.6116350224173415)))
Goal geometry_msgs.msg.PoseStamped(header=std_msgs.msg.Header(stamp=builtin_interfaces.msg.Time(sec=1790815343, nanosec=924962279), frame_id='map'), pose=geometry_msgs.msg.Pose(position=geometry_msgs.msg.Point(x=38.45000057294965, y=38.65000057592988, z=0.0), orientation=geometry_msgs.msg.Quaternion(x=-0.0, y=0.0, z=0.996968329590998, w=-0.07780841723448109)))
[INFO] [1790815361.005426205] [basic_navigator]: Getting path...
[INFO] [1790815361.078260050] [basic_navigator]: Getting path...
[INFO] [1790815361.214070648] [basic_navigator]: Getting path...
[INFO] [1790815361.248220875] [basic_navigator]: Getting path...
[INFO] [1790815361.338391105] [basic_navigator]: Getting path...
Cycle:  26 out of:  100
Start geometry_msgs.msg.PoseStamped(header=std_msgs.msg.Header(stamp=builtin_interfaces.msg.Time(sec=1790815343, nanosec=924962279), frame_id='map'), pose=geometry_msgs.msg.Pose(position=geometry_msgs.msg.Point(x=39.00000058114529, y=78.60000117123127, z=0.0), orientation=geometry_msgs.msg.Quaternion(x=0.0, y=0.0, z=0.3026610838010032, w=0.9530982469569452)))
Goal geometry_msgs.msg.PoseStamped(header=std_msgs.msg.Header(stamp=builtin_interfaces.msg.Time(sec=1790815343, nanosec=924962279), frame_id='map'), pose=geometry_msgs.msg.Pose(position=geometry_msgs.msg.Point(x=55.75000083073974, y=44.60000066459179, z=0.0), orientation=geometry_msgs.msg.Quaternion(x=-0.0, y=0.0, z=0.7037594990029414, w=-0.7104382925793971)))
[INFO] [1790815361.380083784] [basic_navigator]: Getting path...
[INFO] [1790815361.442584672] [basic_navigator]: Getting path...
[INFO] [1790815361.577179969] [basic_navigator]: Getting path...
SmacHybrid planner failed to produce the path
One of the planners was invalid
Cycle:  26 out of:  100
Start geometry_msgs.msg.PoseStamped(header=std_msgs.msg.Header(stamp=builtin_interfaces.msg.Time(sec=1790815343, nanosec=924962279), frame_id='map'), pose=geometry_msgs.msg.Pose(position=geometry_msgs.msg.Point(x=25.700000382959843, y=32.75000048801303, z=0.0), orientation=geometry_msgs.msg.Quaternion(x=-0.0, y=0.0, z=0.4039581518556104, w=-0.9147774655889811)))
Goal geometry_msgs.msg.PoseStamped(header=std_msgs.msg.Header(stamp=builtin_interfaces.msg.Time(sec=1790815343, nanosec=924962279), frame_id='map'), pose=geometry_msgs.msg.Pose(position=geometry_msgs.msg.Point(x=25.7500003837049, y=59.05000087991357, z=0.0), orientation=geometry_msgs.msg.Quaternion(x=-0.0, y=0.0, z=0.4874682877153507, w=-0.8731406922551852)))
[INFO] [1790815362.401705648] [basic_navigator]: Getting path...
[INFO] [1790815362.441829214] [basic_navigator]: Getting path...
[INFO] [1790815362.505757825] [basic_navigator]: Getting path...
[INFO] [1790815362.523810069] [basic_navigator]: Getting path...
[INFO] [1790815362.554938842] [basic_navigator]: Getting path...
Cycle:  27 out of:  100
Start geometry_msgs.msg.PoseStamped(header=std_msgs.msg.Header(stamp=builtin_interfaces.msg.Time(sec=1790815343, nanosec=924962279), frame_id='map'), pose=geometry_msgs.msg.Pose(position=geometry_msgs.msg.Point(x=15.250000227242708, y=31.45000046864152, z=0.0), orientation=geometry_msgs.msg.Quaternion(x=0.0, y=0.0, z=0.5184958536576946, w=0.8550801422906384)))
Goal geometry_msgs.msg.PoseStamped(header=std_msgs.msg.Header(stamp=builtin_interfaces.msg.Time(sec=1790815343, nanosec=924962279), frame_id='map'), pose=geometry_msgs.msg.Pose(position=geometry_msgs.msg.Point(x=18.30000027269125, y=59.20000088214874, z=0.0), orientation=geometry_msgs.msg.Quaternion(x=0.0, y=0.0, z=0.41801349824505907, w=0.9084408155102499)))
[INFO] [1790815362.569848093] [basic_navigator]: Getting path...
[INFO] [1790815362.604279436] [basic_navigator]: Getting path...
[INFO] [1790815362.633242562] [basic_navigator]: Getting path...
[INFO] [1790815362.643509876] [basic_navigator]: Getting path...
[INFO] [1790815362.657662860] [basic_navigator]: Getting path...
Cycle:  28 out of:  100
Start geometry_msgs.msg.PoseStamped(header=std_msgs.msg.Header(stamp=builtin_interfaces.msg.Time(sec=1790815343, nanosec=924962279), frame_id='map'), pose=geometry_msgs.msg.Pose(position=geometry_msgs.msg.Point(x=60.75000090524554, y=54.250000808387995, z=0.0), orientation=geometry_msgs.msg.Quaternion(x=0.0, y=0.0, z=0.9935634526874988, w=0.11327694153576126)))
Goal geometry_msgs.msg.PoseStamped(header=std_msgs.msg.Header(stamp=builtin_interfaces.msg.Time(sec=1790815343, nanosec=924962279), frame_id='map'), pose=geometry_msgs.msg.Pose(position=geometry_msgs.msg.Point(x=70.4500010497868, y=38.1500005684793, z=0.0), orientation=geometry_msgs.msg.Quaternion(x=-0.0, y=0.0, z=0.733223658213869, w=-0.6799875491768003)))
[INFO] [1790815362.729636047] [basic_navigator]: Getting path...
[INFO] [1790815362.758407067] [basic_navigator]: Getting path...
[INFO] [1790815362.785961835] [basic_navigator]: Getting path...
[INFO] [1790815362.798267153] [basic_navigator]: Getting path...
[INFO] [1790815362.814502559] [basic_navigator]: Getting path...
Cycle:  29 out of:  100
Start geometry_msgs.msg.PoseStamped(header=std_msgs.msg.Header(stamp=builtin_interfaces.msg.Time(sec=1790815343, nanosec=924962279), frame_id='map'), pose=geometry_msgs.msg.Pose(position=geometry_msgs.msg.Point(x=13.050000194460154, y=7.400000110268593, z=0.0), orientation=geometry_msgs.msg.Quaternion(x=0.0, y=0.0, z=0.4516472387121674, w=0.8921965992782501)))
Goal geometry_msgs.msg.PoseStamped(header=std_msgs.msg.Header(stamp=builtin_interfaces.msg.Time(sec=1790815343, nanosec=924962279), frame_id='map'), pose=geometry_msgs.msg.Pose(position=geometry_msgs.msg.Point(x=41.95000062510371, y=24.050000358372927, z=0.0), orientation=geometry_msgs.msg.Quaternion(x=-0.0, y=0.0, z=0.7373361064167205, w=-0.6755260662433616)))
[INFO] [1790815362.825332115] [basic_navigator]: Getting path...
[INFO] [1790815362.861560073] [basic_navigator]: Getting path...
[INFO] [1790815362.920282858] [basic_navigator]: Getting path...
[INFO] [1790815363.006969209] [basic_navigator]: Getting path...
[INFO] [1790815363.037266054] [basic_navigator]: Getting path...
Cycle:  30 out of:  100
Start geometry_msgs.msg.PoseStamped(header=std_msgs.msg.Header(stamp=builtin_interfaces.msg.Time(sec=1790815343, nanosec=924962279), frame_id='map'), pose=geometry_msgs.msg.Pose(position=geometry_msgs.msg.Point(x=36.35000054165721, y=29.300000436604023, z=0.0), orientation=geometry_msgs.msg.Quaternion(x=-0.0, y=0.0, z=0.9362403075989182, w=-0.35136033701469915)))
Goal geometry_msgs.msg.PoseStamped(header=std_msgs.msg.Header(stamp=builtin_interfaces.msg.Time(sec=1790815343, nanosec=924962279), frame_id='map'), pose=geometry_msgs.msg.Pose(position=geometry_msgs.msg.Point(x=5.850000087171793, y=88.50000131875277, z=0.0), orientation=geometry_msgs.msg.Quaternion(x=0.0, y=0.0, z=0.9999124292292088, w=0.013233815509617546)))
[INFO] [1790815363.061220089] [basic_navigator]: Getting path...
[INFO] [1790815363.159818948] [basic_navigator]: Getting path...
[INFO] [1790815363.297660089] [basic_navigator]: Getting path...
[INFO] [1790815363.334216941] [basic_navigator]: Getting path...
[INFO] [1790815363.444518957] [basic_navigator]: Getting path...
Cycle:  31 out of:  100
Start geometry_msgs.msg.PoseStamped(header=std_msgs.msg.Header(stamp=builtin_interfaces.msg.Time(sec=1790815343, nanosec=924962279), frame_id='map'), pose=geometry_msgs.msg.Pose(position=geometry_msgs.msg.Point(x=44.200000658631325, y=66.35000098869205, z=0.0), orientation=geometry_msgs.msg.Quaternion(x=-0.0, y=0.0, z=0.974118253829617, w=-0.22603899565326746)))
Goal geometry_msgs.msg.PoseStamped(header=std_msgs.msg.Header(stamp=builtin_interfaces.msg.Time(sec=1790815343, nanosec=924962279), frame_id='map'), pose=geometry_msgs.msg.Pose(position=geometry_msgs.msg.Point(x=32.5500004850328, y=79.20000118017197, z=0.0), orientation=geometry_msgs.msg.Quaternion(x=0.0, y=0.0, z=0.6481463774670311, w=0.7615157735571634)))
[INFO] [1790815363.486978004] [basic_navigator]: Getting path...
[INFO] [1790815363.514586231] [basic_navigator]: Getting path...
[INFO] [1790815363.534119988] [basic_navigator]: Getting path...
[INFO] [1790815363.695909051] [basic_navigator]: Getting path...
[INFO] [1790815363.710567276] [basic_navigator]: Getting path...
Cycle:  32 out of:  100
Start geometry_msgs.msg.PoseStamped(header=std_msgs.msg.Header(stamp=builtin_interfaces.msg.Time(sec=1790815343, nanosec=924962279), frame_id='map'), pose=geometry_msgs.msg.Pose(position=geometry_msgs.msg.Point(x=34.25000051036477, y=9.300000138580799, z=0.0), orientation=geometry_msgs.msg.Quaternion(x=0.0, y=0.0, z=0.4802996930314105, w=0.8771044435379021)))
Goal geometry_msgs.msg.PoseStamped(header=std_msgs.msg.Header(stamp=builtin_interfaces.msg.Time(sec=1790815343, nanosec=924962279), frame_id='map'), pose=geometry_msgs.msg.Pose(position=geometry_msgs.msg.Point(x=40.40000060200691, y=7.750000115483999, z=0.0), orientation=geometry_msgs.msg.Quaternion(x=0.0, y=0.0, z=0.25662740880995805, w=0.9665104102116473)))
[INFO] [1790815363.733789104] [basic_navigator]: Getting path...
[INFO] [1790815363.752724744] [basic_navigator]: Getting path...
[INFO] [1790815363.762021588] [basic_navigator]: Getting path...
[INFO] [1790815363.766113359] [basic_navigator]: Getting path...
[INFO] [1790815363.771260028] [basic_navigator]: Getting path...
Cycle:  33 out of:  100
Start geometry_msgs.msg.PoseStamped(header=std_msgs.msg.Header(stamp=builtin_interfaces.msg.Time(sec=1790815343, nanosec=924962279), frame_id='map'), pose=geometry_msgs.msg.Pose(position=geometry_msgs.msg.Point(x=24.2000003606081, y=89.0500013269484, z=0.0), orientation=geometry_msgs.msg.Quaternion(x=-0.0, y=0.0, z=0.8980176550318596, w=-0.4399594200049364)))
Goal geometry_msgs.msg.PoseStamped(header=std_msgs.msg.Header(stamp=builtin_interfaces.msg.Time(sec=1790815343, nanosec=924962279), frame_id='map'), pose=geometry_msgs.msg.Pose(position=geometry_msgs.msg.Point(x=38.90000057965517, y=44.25000065937638, z=0.0), orientation=geometry_msgs.msg.Quaternion(x=0.0, y=0.0, z=0.685600254941639, w=0.7279782211192583)))
[INFO] [1790815363.776334636] [basic_navigator]: Getting path...
[INFO] [1790815363.838251036] [basic_navigator]: Getting path...
[INFO] [1790815363.953464369] [basic_navigator]: Getting path...
[INFO] [1790815363.976190444] [basic_navigator]: Getting path...
[INFO] [1790815364.038688630] [basic_navigator]: Getting path...
Cycle:  34 out of:  100
Start geometry_msgs.msg.PoseStamped(header=std_msgs.msg.Header(stamp=builtin_interfaces.msg.Time(sec=1790815343, nanosec=924962279), frame_id='map'), pose=geometry_msgs.msg.Pose(position=geometry_msgs.msg.Point(x=9.200000137090683, y=43.900000654160976, z=0.0), orientation=geometry_msgs.msg.Quaternion(x=-0.0, y=0.0, z=0.44805427343232823, w=-0.8940063579522399)))
Goal geometry_msgs.msg.PoseStamped(header=std_msgs.msg.Header(stamp=builtin_interfaces.msg.Time(sec=1790815343, nanosec=924962279), frame_id='map'), pose=geometry_msgs.msg.Pose(position=geometry_msgs.msg.Point(x=86.35000128671527, y=73.85000110045075, z=0.0), orientation=geometry_msgs.msg.Quaternion(x=0.0, y=0.0, z=0.3945952453534229, w=0.9188550442504367)))
[INFO] [1790815364.069854568] [basic_navigator]: Getting path...
[INFO] [1790815364.169672447] [basic_navigator]: Getting path...
[INFO] [1790815364.489406989] [basic_navigator]: Getting path...
[INFO] [1790815364.542475736] [basic_navigator]: Getting path...
[INFO] [1790815364.740673985] [basic_navigator]: Getting path...
Cycle:  35 out of:  100
Start geometry_msgs.msg.PoseStamped(header=std_msgs.msg.Header(stamp=builtin_interfaces.msg.Time(sec=1790815343, nanosec=924962279), frame_id='map'), pose=geometry_msgs.msg.Pose(position=geometry_msgs.msg.Point(x=85.80000127851963, y=21.40000031888485, z=0.0), orientation=geometry_msgs.msg.Quaternion(x=-0.0, y=0.0, z=0.26126442828052854, w=-0.9652672679187089)))
Goal geometry_msgs.msg.PoseStamped(header=std_msgs.msg.Header(stamp=builtin_interfaces.msg.Time(sec=1790815343, nanosec=924962279), frame_id='map'), pose=geometry_msgs.msg.Pose(position=geometry_msgs.msg.Point(x=94.70000141113997, y=68.10000101476908, z=0.0), orientation=geometry_msgs.msg.Quaternion(x=-0.0, y=0.0, z=0.7028688188470197, w=-0.7113194946664934)))
[INFO] [1790815364.796401474] [basic_navigator]: Getting path...
[INFO] [1790815364.858872193] [basic_navigator]: Getting path...
[INFO] [1790815364.929563757] [basic_navigator]: Getting path...
[INFO] [1790815365.005471457] [basic_navigator]: Getting path...
[INFO] [1790815365.044777081] [basic_navigator]: Getting path...
Cycle:  36 out of:  100
Start geometry_msgs.msg.PoseStamped(header=std_msgs.msg.Header(stamp=builtin_interfaces.msg.Time(sec=1790815343, nanosec=924962279), frame_id='map'), pose=geometry_msgs.msg.Pose(position=geometry_msgs.msg.Point(x=68.80000102519989, y=91.55000136420131, z=0.0), orientation=geometry_msgs.msg.Quaternion(x=0.0, y=0.0, z=0.9999774154744883, w=0.006720754493551835)))
Goal geometry_msgs.msg.PoseStamped(header=std_msgs.msg.Header(stamp=builtin_interfaces.msg.Time(sec=1790815343, nanosec=924962279), frame_id='map'), pose=geometry_msgs.msg.Pose(position=geometry_msgs.msg.Point(x=88.80000132322311, y=94.40000140666962, z=0.0), orientation=geometry_msgs.msg.Quaternion(x=0.0, y=0.0, z=0.9759504898553583, w=0.2179922965406951)))
[INFO] [1790815365.133070392] [basic_navigator]: Getting path...
[INFO] [1790815365.155615245] [basic_navigator]: Getting path...
[INFO] [1790815365.176969302] [basic_navigator]: Getting path...
[INFO] [1790815365.187736727] [basic_navigator]: Getting path...
[INFO] [1790815365.205484559] [basic_navigator]: Getting path...
Cycle:  37 out of:  100
Start geometry_msgs.msg.PoseStamped(header=std_msgs.msg.Header(stamp=builtin_interfaces.msg.Time(sec=1790815343, nanosec=924962279), frame_id='map'), pose=geometry_msgs.msg.Pose(position=geometry_msgs.msg.Point(x=77.50000115483999, y=88.20000131428242, z=0.0), orientation=geometry_msgs.msg.Quaternion(x=0.0, y=0.0, z=0.7783906799234199, w=0.6277801760237066)))
Goal geometry_msgs.msg.PoseStamped(header=std_msgs.msg.Header(stamp=builtin_interfaces.msg.Time(sec=1790815343, nanosec=924962279), frame_id='map'), pose=geometry_msgs.msg.Pose(position=geometry_msgs.msg.Point(x=29.000000432133675, y=49.50000073760748, z=0.0), orientation=geometry_msgs.msg.Quaternion(x=-0.0, y=0.0, z=0.9624034856205286, w=-0.27162387756870154)))
[INFO] [1790815365.220954637] [basic_navigator]: Getting path...
[INFO] [1790815365.356215411] [basic_navigator]: Getting path...
[INFO] [1790815365.517934268] [basic_navigator]: Getting path...
[INFO] [1790815365.548150850] [basic_navigator]: Getting path...
[INFO] [1790815365.617675533] [basic_navigator]: Getting path...
Cycle:  38 out of:  100
Start geometry_msgs.msg.PoseStamped(header=std_msgs.msg.Header(stamp=builtin_interfaces.msg.Time(sec=1790815343, nanosec=924962279), frame_id='map'), pose=geometry_msgs.msg.Pose(position=geometry_msgs.msg.Point(x=70.35000104829669, y=50.45000075176358, z=0.0), orientation=geometry_msgs.msg.Quaternion(x=0.0, y=0.0, z=0.9505016680152621, w=0.3107194540098903)))
Goal geometry_msgs.msg.PoseStamped(header=std_msgs.msg.Header(stamp=builtin_interfaces.msg.Time(sec=1790815343, nanosec=924962279), frame_id='map'), pose=geometry_msgs.msg.Pose(position=geometry_msgs.msg.Point(x=42.75000063702464, y=15.050000224262476, z=0.0), orientation=geometry_msgs.msg.Quaternion(x=-0.0, y=0.0, z=0.6648358894146421, w=-0.7469894511612876)))
[INFO] [1790815365.650980961] [basic_navigator]: Getting path...
[INFO] [1790815365.718420381] [basic_navigator]: Getting path...
[INFO] [1790815365.792542622] [basic_navigator]: Getting path...
[INFO] [1790815365.816144818] [basic_navigator]: Getting path...
[INFO] [1790815365.877359971] [basic_navigator]: Getting path...
Cycle:  39 out of:  100
Start geometry_msgs.msg.PoseStamped(header=std_msgs.msg.Header(stamp=builtin_interfaces.msg.Time(sec=1790815343, nanosec=924962279), frame_id='map'), pose=geometry_msgs.msg.Pose(position=geometry_msgs.msg.Point(x=33.650000501424074, y=21.200000315904617, z=0.0), orientation=geometry_msgs.msg.Quaternion(x=0.0, y=0.0, z=0.6336840702581047, w=0.7735919461196072)))
Goal geometry_msgs.msg.PoseStamped(header=std_msgs.msg.Header(stamp=builtin_interfaces.msg.Time(sec=1790815343, nanosec=924962279), frame_id='map'), pose=geometry_msgs.msg.Pose(position=geometry_msgs.msg.Point(x=15.600000232458115, y=8.350000124424696, z=0.0), orientation=geometry_msgs.msg.Quaternion(x=0.0, y=0.0, z=0.49263842794711393, w=0.8702340945457125)))
[INFO] [1790815365.902523607] [basic_navigator]: Getting path...
[INFO] [1790815365.934288226] [basic_navigator]: Getting path...
[INFO] [1790815365.956475381] [basic_navigator]: Getting path...
[INFO] [1790815366.247108264] [basic_navigator]: Getting path...
[INFO] [1790815366.258199955] [basic_navigator]: Getting path...
Cycle:  40 out of:  100
Start geometry_msgs.msg.PoseStamped(header=std_msgs.msg.Header(stamp=builtin_interfaces.msg.Time(sec=1790815343, nanosec=924962279), frame_id='map'), pose=geometry_msgs.msg.Pose(position=geometry_msgs.msg.Point(x=38.70000057667494, y=44.25000065937638, z=0.0), orientation=geometry_msgs.msg.Quaternion(x=0.0, y=0.0, z=0.9973078421897653, w=0.0733284931441677)))
Goal geometry_msgs.msg.PoseStamped(header=std_msgs.msg.Header(stamp=builtin_interfaces.msg.Time(sec=1790815343, nanosec=924962279), frame_id='map'), pose=geometry_msgs.msg.Pose(position=geometry_msgs.msg.Point(x=18.450000274926424, y=48.45000072196126, z=0.0), orientation=geometry_msgs.msg.Quaternion(x=-0.0, y=0.0, z=0.6889490003600327, w=-0.7248098198168342)))
[INFO] [1790815366.344476495] [basic_navigator]: Getting path...
[INFO] [1790815366.375047036] [basic_navigator]: Getting path...
[INFO] [1790815366.401422785] [basic_navigator]: Getting path...
[INFO] [1790815366.475928020] [basic_navigator]: Getting path...
[INFO] [1790815366.496029265] [basic_navigator]: Getting path...
Cycle:  41 out of:  100
Start geometry_msgs.msg.PoseStamped(header=std_msgs.msg.Header(stamp=builtin_interfaces.msg.Time(sec=1790815343, nanosec=924962279), frame_id='map'), pose=geometry_msgs.msg.Pose(position=geometry_msgs.msg.Point(x=58.45000087097287, y=18.85000028088689, z=0.0), orientation=geometry_msgs.msg.Quaternion(x=0.0, y=0.0, z=0.963893038515925, w=0.26628971121794665)))
Goal geometry_msgs.msg.PoseStamped(header=std_msgs.msg.Header(stamp=builtin_interfaces.msg.Time(sec=1790815343, nanosec=924962279), frame_id='map'), pose=geometry_msgs.msg.Pose(position=geometry_msgs.msg.Point(x=63.250000942498446, y=20.000000298023224, z=0.0), orientation=geometry_msgs.msg.Quaternion(x=-0.0, y=0.0, z=0.9999979000321514, w=-0.0020493733889815125)))
[INFO] [1790815366.795309284] [basic_navigator]: Getting path...
[INFO] [1790815366.807597013] [basic_navigator]: Getting path...
[INFO] [1790815366.813984432] [basic_navigator]: Getting path...
[INFO] [1790815366.818888118] [basic_navigator]: Getting path...
[INFO] [1790815366.823076317] [basic_navigator]: Getting path...
Cycle:  42 out of:  100
Start geometry_msgs.msg.PoseStamped(header=std_msgs.msg.Header(stamp=builtin_interfaces.msg.Time(sec=1790815343, nanosec=924962279), frame_id='map'), pose=geometry_msgs.msg.Pose(position=geometry_msgs.msg.Point(x=59.35000088438392, y=62.85000093653798, z=0.0), orientation=geometry_msgs.msg.Quaternion(x=0.0, y=0.0, z=0.9835634435453702, w=0.180562876918744)))
Goal geometry_msgs.msg.PoseStamped(header=std_msgs.msg.Header(stamp=builtin_interfaces.msg.Time(sec=1790815343, nanosec=924962279), frame_id='map'), pose=geometry_msgs.msg.Pose(position=geometry_msgs.msg.Point(x=65.1000009700656, y=5.350000079721212, z=0.0), orientation=geometry_msgs.msg.Quaternion(x=0.0, y=0.0, z=0.29878024557674776, w=0.9543219398363941)))
[INFO] [1790815366.831233915] [basic_navigator]: Getting path...
[INFO] [1790815366.920586862] [basic_navigator]: Getting path...
[INFO] [1790815367.068307388] [basic_navigator]: Getting path...
[INFO] [1790815367.241924655] [basic_navigator]: Getting path...
[INFO] [1790815367.305863925] [basic_navigator]: Getting path...
Cycle:  43 out of:  100
Start geometry_msgs.msg.PoseStamped(header=std_msgs.msg.Header(stamp=builtin_interfaces.msg.Time(sec=1790815343, nanosec=924962279), frame_id='map'), pose=geometry_msgs.msg.Pose(position=geometry_msgs.msg.Point(x=56.850000847131014, y=26.600000396370888, z=0.0), orientation=geometry_msgs.msg.Quaternion(x=-0.0, y=0.0, z=0.4477116848375643, w=-0.8941779729225662)))
Goal geometry_msgs.msg.PoseStamped(header=std_msgs.msg.Header(stamp=builtin_interfaces.msg.Time(sec=1790815343, nanosec=924962279), frame_id='map'), pose=geometry_msgs.msg.Pose(position=geometry_msgs.msg.Point(x=49.30000073462725, y=60.650000903755426, z=0.0), orientation=geometry_msgs.msg.Quaternion(x=0.0, y=0.0, z=0.7766855985489332, w=0.6298884671167471)))
[INFO] [1790815367.347763629] [basic_navigator]: Getting path...
[INFO] [1790815367.401859631] [basic_navigator]: Getting path...
[INFO] [1790815367.449681933] [basic_navigator]: Getting path...
[INFO] [1790815367.467916714] [basic_navigator]: Getting path...
[INFO] [1790815367.493727665] [basic_navigator]: Getting path...
Cycle:  44 out of:  100
Start geometry_msgs.msg.PoseStamped(header=std_msgs.msg.Header(stamp=builtin_interfaces.msg.Time(sec=1790815343, nanosec=924962279), frame_id='map'), pose=geometry_msgs.msg.Pose(position=geometry_msgs.msg.Point(x=47.40000070631504, y=29.15000043436885, z=0.0), orientation=geometry_msgs.msg.Quaternion(x=0.0, y=0.0, z=0.7155643960353739, w=0.6985467737571555)))
Goal geometry_msgs.msg.PoseStamped(header=std_msgs.msg.Header(stamp=builtin_interfaces.msg.Time(sec=1790815343, nanosec=924962279), frame_id='map'), pose=geometry_msgs.msg.Pose(position=geometry_msgs.msg.Point(x=54.500000812113285, y=92.90000138431787, z=0.0), orientation=geometry_msgs.msg.Quaternion(x=0.0, y=0.0, z=0.8149922797160856, w=0.5794718146753798)))
[INFO] [1790815367.511642369] [basic_navigator]: Getting path...
[INFO] [1790815367.615331293] [basic_navigator]: Getting path...
[INFO] [1790815367.752972805] [basic_navigator]: Getting path...
[INFO] [1790815367.774343957] [basic_navigator]: Getting path...
[INFO] [1790815367.840188765] [basic_navigator]: Getting path...
Cycle:  45 out of:  100
Start geometry_msgs.msg.PoseStamped(header=std_msgs.msg.Header(stamp=builtin_interfaces.msg.Time(sec=1790815343, nanosec=924962279), frame_id='map'), pose=geometry_msgs.msg.Pose(position=geometry_msgs.msg.Point(x=6.45000009611249, y=89.6500013358891, z=0.0), orientation=geometry_msgs.msg.Quaternion(x=-0.0, y=0.0, z=0.22157367174421677, w=-0.9751436345430278)))
Goal geometry_msgs.msg.PoseStamped(header=std_msgs.msg.Header(stamp=builtin_interfaces.msg.Time(sec=1790815343, nanosec=924962279), frame_id='map'), pose=geometry_msgs.msg.Pose(position=geometry_msgs.msg.Point(x=79.85000118985772, y=87.35000130161643, z=0.0), orientation=geometry_msgs.msg.Quaternion(x=0.0, y=0.0, z=0.5742729173203694, w=0.8186639215406724)))
[INFO] [1790815367.873902379] [basic_navigator]: Getting path...
[INFO] [1790815367.951724739] [basic_navigator]: Getting path...
[INFO] [1790815368.119719069] [basic_navigator]: Getting path...
[INFO] [1790815368.148836469] [basic_navigator]: Getting path...
[INFO] [1790815368.219398006] [basic_navigator]: Getting path...
Cycle:  46 out of:  100
Start geometry_msgs.msg.PoseStamped(header=std_msgs.msg.Header(stamp=builtin_interfaces.msg.Time(sec=1790815343, nanosec=924962279), frame_id='map'), pose=geometry_msgs.msg.Pose(position=geometry_msgs.msg.Point(x=9.00000013411045, y=51.10000076144934, z=0.0), orientation=geometry_msgs.msg.Quaternion(x=-0.0, y=0.0, z=0.5272836639148334, w=-0.849689318379694)))
Goal geometry_msgs.msg.PoseStamped(header=std_msgs.msg.Header(stamp=builtin_interfaces.msg.Time(sec=1790815343, nanosec=924962279), frame_id='map'), pose=geometry_msgs.msg.Pose(position=geometry_msgs.msg.Point(x=30.800000458955765, y=30.15000044927001, z=0.0), orientation=geometry_msgs.msg.Quaternion(x=-0.0, y=0.0, z=0.9493488642704432, w=-0.3142240186688784)))
[INFO] [1790815368.256808543] [basic_navigator]: Getting path...
[INFO] [1790815368.290980175] [basic_navigator]: Getting path...
[INFO] [1790815368.353000188] [basic_navigator]: Getting path...
[INFO] [1790815368.368115738] [basic_navigator]: Getting path...
[INFO] [1790815368.410800565] [basic_navigator]: Getting path...
Cycle:  47 out of:  100
Start geometry_msgs.msg.PoseStamped(header=std_msgs.msg.Header(stamp=builtin_interfaces.msg.Time(sec=1790815343, nanosec=924962279), frame_id='map'), pose=geometry_msgs.msg.Pose(position=geometry_msgs.msg.Point(x=17.200000256299973, y=75.75000112876296, z=0.0), orientation=geometry_msgs.msg.Quaternion(x=0.0, y=0.0, z=0.5808735958202869, w=0.8139937749631811)))
Goal geometry_msgs.msg.PoseStamped(header=std_msgs.msg.Header(stamp=builtin_interfaces.msg.Time(sec=1790815343, nanosec=924962279), frame_id='map'), pose=geometry_msgs.msg.Pose(position=geometry_msgs.msg.Point(x=37.40000055730343, y=49.15000073239207, z=0.0), orientation=geometry_msgs.msg.Quaternion(x=0.0, y=0.0, z=0.6897050406268171, w=0.7240904342234887)))
[INFO] [1790815368.431600147] [basic_navigator]: Getting path...
[INFO] [1790815368.474720746] [basic_navigator]: Getting path...
[INFO] [1790815368.539756502] [basic_navigator]: Getting path...
[INFO] [1790815368.636586664] [basic_navigator]: Getting path...
[INFO] [1790815368.658475512] [basic_navigator]: Getting path...
Cycle:  48 out of:  100
Start geometry_msgs.msg.PoseStamped(header=std_msgs.msg.Header(stamp=builtin_interfaces.msg.Time(sec=1790815343, nanosec=924962279), frame_id='map'), pose=geometry_msgs.msg.Pose(position=geometry_msgs.msg.Point(x=33.70000050216913, y=79.4000011831522, z=0.0), orientation=geometry_msgs.msg.Quaternion(x=-0.0, y=0.0, z=0.9203172711584919, w=-0.39117275008285907)))
Goal geometry_msgs.msg.PoseStamped(header=std_msgs.msg.Header(stamp=builtin_interfaces.msg.Time(sec=1790815343, nanosec=924962279), frame_id='map'), pose=geometry_msgs.msg.Pose(position=geometry_msgs.msg.Point(x=81.60000121593475, y=71.55000106617808, z=0.0), orientation=geometry_msgs.msg.Quaternion(x=-0.0, y=0.0, z=0.9284131242105098, w=-0.3715495536179267)))
[INFO] [1790815368.714688384] [basic_navigator]: Getting path...
[INFO] [1790815368.777912101] [basic_navigator]: Getting path...
[INFO] [1790815368.989784795] [basic_navigator]: Getting path...
[INFO] [1790815369.014328710] [basic_navigator]: Getting path...
[INFO] [1790815369.082184914] [basic_navigator]: Getting path...
Cycle:  49 out of:  100
Start geometry_msgs.msg.PoseStamped(header=std_msgs.msg.Header(stamp=builtin_interfaces.msg.Time(sec=1790815343, nanosec=924962279), frame_id='map'), pose=geometry_msgs.msg.Pose(position=geometry_msgs.msg.Point(x=65.40000097453594, y=89.6500013358891, z=0.0), orientation=geometry_msgs.msg.Quaternion(x=0.0, y=0.0, z=0.85818479439094, w=0.5133408796074788)))
Goal geometry_msgs.msg.PoseStamped(header=std_msgs.msg.Header(stamp=builtin_interfaces.msg.Time(sec=1790815343, nanosec=924962279), frame_id='map'), pose=geometry_msgs.msg.Pose(position=geometry_msgs.msg.Point(x=31.850000474601984, y=71.55000106617808, z=0.0), orientation=geometry_msgs.msg.Quaternion(x=0.0, y=0.0, z=0.8921616085848423, w=0.45171635366378604)))
[INFO] [1790815369.130766747] [basic_navigator]: Getting path...
[INFO] [1790815369.179288476] [basic_navigator]: Getting path...
[INFO] [1790815369.249468568] [basic_navigator]: Getting path...
[INFO] [1790815369.270227573] [basic_navigator]: Getting path...
[INFO] [1790815369.304367930] [basic_navigator]: Getting path...
Cycle:  50 out of:  100
Start geometry_msgs.msg.PoseStamped(header=std_msgs.msg.Header(stamp=builtin_interfaces.msg.Time(sec=1790815343, nanosec=924962279), frame_id='map'), pose=geometry_msgs.msg.Pose(position=geometry_msgs.msg.Point(x=82.70000123232603, y=34.60000051558018, z=0.0), orientation=geometry_msgs.msg.Quaternion(x=0.0, y=0.0, z=0.3524702532101209, w=0.9358230177773964)))
Goal geometry_msgs.msg.PoseStamped(header=std_msgs.msg.Header(stamp=builtin_interfaces.msg.Time(sec=1790815343, nanosec=924962279), frame_id='map'), pose=geometry_msgs.msg.Pose(position=geometry_msgs.msg.Point(x=57.700000859797, y=85.75000127777457, z=0.0), orientation=geometry_msgs.msg.Quaternion(x=-0.0, y=0.0, z=0.3078848885645506, w=-0.9514236151124242)))
[INFO] [1790815369.328654586] [basic_navigator]: Getting path...
[INFO] [1790815369.406177234] [basic_navigator]: Getting path...
[INFO] [1790815369.524439357] [basic_navigator]: Getting path...
[INFO] [1790815369.565612933] [basic_navigator]: Getting path...
[INFO] [1790815369.663557087] [basic_navigator]: Getting path...
Cycle:  51 out of:  100
Start geometry_msgs.msg.PoseStamped(header=std_msgs.msg.Header(stamp=builtin_interfaces.msg.Time(sec=1790815343, nanosec=924962279), frame_id='map'), pose=geometry_msgs.msg.Pose(position=geometry_msgs.msg.Point(x=91.95000137016177, y=8.150000121444464, z=0.0), orientation=geometry_msgs.msg.Quaternion(x=-0.0, y=0.0, z=0.7773826437876941, w=-0.6290280002811125)))
Goal geometry_msgs.msg.PoseStamped(header=std_msgs.msg.Header(stamp=builtin_interfaces.msg.Time(sec=1790815343, nanosec=924962279), frame_id='map'), pose=geometry_msgs.msg.Pose(position=geometry_msgs.msg.Point(x=37.80000056326389, y=37.40000055730343, z=0.0), orientation=geometry_msgs.msg.Quaternion(x=-0.0, y=0.0, z=0.30063130809483973, w=-0.9537404346011474)))
[INFO] [1790815369.716483105] [basic_navigator]: Getting path...
[INFO] [1790815369.782578589] [basic_navigator]: Getting path...
[INFO] [1790815369.922377183] [basic_navigator]: Getting path...
[INFO] [1790815370.009344766] [basic_navigator]: Getting path...
[INFO] [1790815370.123018994] [basic_navigator]: Getting path...
Cycle:  52 out of:  100
Start geometry_msgs.msg.PoseStamped(header=std_msgs.msg.Header(stamp=builtin_interfaces.msg.Time(sec=1790815343, nanosec=924962279), frame_id='map'), pose=geometry_msgs.msg.Pose(position=geometry_msgs.msg.Point(x=90.35000134631991, y=49.30000073462725, z=0.0), orientation=geometry_msgs.msg.Quaternion(x=-0.0, y=0.0, z=0.9994301411314288, w=-0.03375489591173998)))
Goal geometry_msgs.msg.PoseStamped(header=std_msgs.msg.Header(stamp=builtin_interfaces.msg.Time(sec=1790815343, nanosec=924962279), frame_id='map'), pose=geometry_msgs.msg.Pose(position=geometry_msgs.msg.Point(x=87.05000129714608, y=41.45000061765313, z=0.0), orientation=geometry_msgs.msg.Quaternion(x=0.0, y=0.0, z=0.7173801045854354, w=0.6966819830776376)))
[INFO] [1790815370.230396514] [basic_navigator]: Getting path...
[INFO] [1790815370.246186839] [basic_navigator]: Getting path...
[INFO] [1790815370.256623648] [basic_navigator]: Getting path...
SmacHybrid planner failed to produce the path
One of the planners was invalid
Cycle:  52 out of:  100
Start geometry_msgs.msg.PoseStamped(header=std_msgs.msg.Header(stamp=builtin_interfaces.msg.Time(sec=1790815343, nanosec=924962279), frame_id='map'), pose=geometry_msgs.msg.Pose(position=geometry_msgs.msg.Point(x=11.35000016912818, y=29.90000044554472, z=0.0), orientation=geometry_msgs.msg.Quaternion(x=-0.0, y=0.0, z=0.9550940676555855, w=-0.2963027538331495)))
Goal geometry_msgs.msg.PoseStamped(header=std_msgs.msg.Header(stamp=builtin_interfaces.msg.Time(sec=1790815343, nanosec=924962279), frame_id='map'), pose=geometry_msgs.msg.Pose(position=geometry_msgs.msg.Point(x=61.30000091344118, y=59.45000088587403, z=0.0), orientation=geometry_msgs.msg.Quaternion(x=0.0, y=0.0, z=0.9952610888158224, w=0.09723870160148976)))
[INFO] [1790815371.465091836] [basic_navigator]: Getting path...
[INFO] [1790815371.529209385] [basic_navigator]: Getting path...
[INFO] [1790815371.718322526] [basic_navigator]: Getting path...
[INFO] [1790815371.938273097] [basic_navigator]: Getting path...
[INFO] [1790815372.025390186] [basic_navigator]: Getting path...
Cycle:  53 out of:  100
Start geometry_msgs.msg.PoseStamped(header=std_msgs.msg.Header(stamp=builtin_interfaces.msg.Time(sec=1790815343, nanosec=924962279), frame_id='map'), pose=geometry_msgs.msg.Pose(position=geometry_msgs.msg.Point(x=31.500000469386578, y=14.150000210851431, z=0.0), orientation=geometry_msgs.msg.Quaternion(x=0.0, y=0.0, z=0.9871319618208614, w=0.15990775450770808)))
Goal geometry_msgs.msg.PoseStamped(header=std_msgs.msg.Header(stamp=builtin_interfaces.msg.Time(sec=1790815343, nanosec=924962279), frame_id='map'), pose=geometry_msgs.msg.Pose(position=geometry_msgs.msg.Point(x=23.350000347942114, y=78.85000117495656, z=0.0), orientation=geometry_msgs.msg.Quaternion(x=0.0, y=0.0, z=0.9383618981131019, w=0.3456543767545503)))
[INFO] [1790815372.121007941] [basic_navigator]: Getting path...
[INFO] [1790815372.197238131] [basic_navigator]: Getting path...
[INFO] [1790815372.359304756] [basic_navigator]: Getting path...
[INFO] [1790815372.387149642] [basic_navigator]: Getting path...
[INFO] [1790815372.465724185] [basic_navigator]: Getting path...
Cycle:  54 out of:  100
Start geometry_msgs.msg.PoseStamped(header=std_msgs.msg.Header(stamp=builtin_interfaces.msg.Time(sec=1790815343, nanosec=924962279), frame_id='map'), pose=geometry_msgs.msg.Pose(position=geometry_msgs.msg.Point(x=78.2000011652708, y=19.85000029578805, z=0.0), orientation=geometry_msgs.msg.Quaternion(x=0.0, y=0.0, z=0.8228520842008001, w=0.5682556181212812)))
Goal geometry_msgs.msg.PoseStamped(header=std_msgs.msg.Header(stamp=builtin_interfaces.msg.Time(sec=1790815343, nanosec=924962279), frame_id='map'), pose=geometry_msgs.msg.Pose(position=geometry_msgs.msg.Point(x=23.100000344216824, y=78.4500011689961, z=0.0), orientation=geometry_msgs.msg.Quaternion(x=0.0, y=0.0, z=0.994586572480566, w=0.10391125945420789)))
[INFO] [1790815372.498018397] [basic_navigator]: Getting path...
[INFO] [1790815372.597660254] [basic_navigator]: Getting path...
[INFO] [1790815372.799860429] [basic_navigator]: Getting path...
[INFO] [1790815372.832925530] [basic_navigator]: Getting path...
[INFO] [1790815372.894565815] [basic_navigator]: Getting path...
Cycle:  55 out of:  100
Start geometry_msgs.msg.PoseStamped(header=std_msgs.msg.Header(stamp=builtin_interfaces.msg.Time(sec=1790815343, nanosec=924962279), frame_id='map'), pose=geometry_msgs.msg.Pose(position=geometry_msgs.msg.Point(x=43.10000064224005, y=87.10000129789114, z=0.0), orientation=geometry_msgs.msg.Quaternion(x=0.0, y=0.0, z=0.8924332019858013, w=0.4511795429686167)))
Goal geometry_msgs.msg.PoseStamped(header=std_msgs.msg.Header(stamp=builtin_interfaces.msg.Time(sec=1790815343, nanosec=924962279), frame_id='map'), pose=geometry_msgs.msg.Pose(position=geometry_msgs.msg.Point(x=35.35000052675605, y=81.80000121891499, z=0.0), orientation=geometry_msgs.msg.Quaternion(x=0.0, y=0.0, z=0.7841011459368586, w=0.6206330582079117)))
[INFO] [1790815372.939635391] [basic_navigator]: Getting path...
[INFO] [1790815372.953347795] [basic_navigator]: Getting path...
[INFO] [1790815372.963948564] [basic_navigator]: Getting path...
[INFO] [1790815372.976590371] [basic_navigator]: Getting path...
[INFO] [1790815372.986948726] [basic_navigator]: Getting path...
Cycle:  56 out of:  100
Start geometry_msgs.msg.PoseStamped(header=std_msgs.msg.Header(stamp=builtin_interfaces.msg.Time(sec=1790815343, nanosec=924962279), frame_id='map'), pose=geometry_msgs.msg.Pose(position=geometry_msgs.msg.Point(x=65.25000097230077, y=73.25000109151006, z=0.0), orientation=geometry_msgs.msg.Quaternion(x=0.0, y=0.0, z=0.0035382252819832496, w=0.999993740461336)))
Goal geometry_msgs.msg.PoseStamped(header=std_msgs.msg.Header(stamp=builtin_interfaces.msg.Time(sec=1790815343, nanosec=924962279), frame_id='map'), pose=geometry_msgs.msg.Pose(position=geometry_msgs.msg.Point(x=65.60000097751617, y=21.200000315904617, z=0.0), orientation=geometry_msgs.msg.Quaternion(x=-0.0, y=0.0, z=0.1678674551130317, w=-0.9858095746714344)))
[INFO] [1790815372.994296220] [basic_navigator]: Getting path...
[INFO] [1790815373.078833285] [basic_navigator]: Getting path...
[INFO] [1790815373.191543663] [basic_navigator]: Getting path...
[INFO] [1790815373.210191474] [basic_navigator]: Getting path...
[INFO] [1790815373.270241757] [basic_navigator]: Getting path...
Cycle:  57 out of:  100
Start geometry_msgs.msg.PoseStamped(header=std_msgs.msg.Header(stamp=builtin_interfaces.msg.Time(sec=1790815343, nanosec=924962279), frame_id='map'), pose=geometry_msgs.msg.Pose(position=geometry_msgs.msg.Point(x=59.80000089108944, y=47.50000070780516, z=0.0), orientation=geometry_msgs.msg.Quaternion(x=-0.0, y=0.0, z=0.7459272290337472, w=-0.6660274536278784)))
Goal geometry_msgs.msg.PoseStamped(header=std_msgs.msg.Header(stamp=builtin_interfaces.msg.Time(sec=1790815343, nanosec=924962279), frame_id='map'), pose=geometry_msgs.msg.Pose(position=geometry_msgs.msg.Point(x=37.70000056177378, y=92.60000137984753, z=0.0), orientation=geometry_msgs.msg.Quaternion(x=0.0, y=0.0, z=0.5439672696184713, w=0.8391064351939064)))
[INFO] [1790815373.317387825] [basic_navigator]: Getting path...
[INFO] [1790815373.412327636] [basic_navigator]: Getting path...
[INFO] [1790815373.538584671] [basic_navigator]: Getting path...
[INFO] [1790815373.574021444] [basic_navigator]: Getting path...
[INFO] [1790815373.645008829] [basic_navigator]: Getting path...
Cycle:  58 out of:  100
Start geometry_msgs.msg.PoseStamped(header=std_msgs.msg.Header(stamp=builtin_interfaces.msg.Time(sec=1790815343, nanosec=924962279), frame_id='map'), pose=geometry_msgs.msg.Pose(position=geometry_msgs.msg.Point(x=55.550000827759504, y=20.35000030323863, z=0.0), orientation=geometry_msgs.msg.Quaternion(x=-0.0, y=0.0, z=0.8806162295787605, w=-0.47383019764730877)))
Goal geometry_msgs.msg.PoseStamped(header=std_msgs.msg.Header(stamp=builtin_interfaces.msg.Time(sec=1790815343, nanosec=924962279), frame_id='map'), pose=geometry_msgs.msg.Pose(position=geometry_msgs.msg.Point(x=29.500000439584255, y=47.15000070258975, z=0.0), orientation=geometry_msgs.msg.Quaternion(x=0.0, y=0.0, z=0.49792220039799207, w=0.8672217031133514)))
[INFO] [1790815373.682900352] [basic_navigator]: Getting path...
[INFO] [1790815373.734271978] [basic_navigator]: Getting path...
[INFO] [1790815373.899133485] [basic_navigator]: Getting path...
[INFO] [1790815373.919722829] [basic_navigator]: Getting path...
[INFO] [1790815373.985981212] [basic_navigator]: Getting path...
Cycle:  59 out of:  100
Start geometry_msgs.msg.PoseStamped(header=std_msgs.msg.Header(stamp=builtin_interfaces.msg.Time(sec=1790815343, nanosec=924962279), frame_id='map'), pose=geometry_msgs.msg.Pose(position=geometry_msgs.msg.Point(x=93.85000139847398, y=69.05000102892518, z=0.0), orientation=geometry_msgs.msg.Quaternion(x=0.0, y=0.0, z=0.7882844090514108, w=0.615311051783135)))
Goal geometry_msgs.msg.PoseStamped(header=std_msgs.msg.Header(stamp=builtin_interfaces.msg.Time(sec=1790815343, nanosec=924962279), frame_id='map'), pose=geometry_msgs.msg.Pose(position=geometry_msgs.msg.Point(x=49.0000007301569, y=21.850000325590372, z=0.0), orientation=geometry_msgs.msg.Quaternion(x=-0.0, y=0.0, z=0.994831237605736, w=-0.10154215225136658)))
[INFO] [1790815374.019997339] [basic_navigator]: Getting path...
[INFO] [1790815374.192923152] [basic_navigator]: Getting path...
[INFO] [1790815374.500364350] [basic_navigator]: Getting path...
[INFO] [1790815374.566788777] [basic_navigator]: Getting path...
[INFO] [1790815374.691375146] [basic_navigator]: Getting path...
Cycle:  60 out of:  100
Start geometry_msgs.msg.PoseStamped(header=std_msgs.msg.Header(stamp=builtin_interfaces.msg.Time(sec=1790815343, nanosec=924962279), frame_id='map'), pose=geometry_msgs.msg.Pose(position=geometry_msgs.msg.Point(x=74.35000110790133, y=25.450000379234552, z=0.0), orientation=geometry_msgs.msg.Quaternion(x=-0.0, y=0.0, z=0.9058017780193862, w=-0.42370170985838435)))
Goal geometry_msgs.msg.PoseStamped(header=std_msgs.msg.Header(stamp=builtin_interfaces.msg.Time(sec=1790815343, nanosec=924962279), frame_id='map'), pose=geometry_msgs.msg.Pose(position=geometry_msgs.msg.Point(x=67.40000100433826, y=69.750001039356, z=0.0), orientation=geometry_msgs.msg.Quaternion(x=0.0, y=0.0, z=0.5659969597226268, w=0.8244073274690996)))
[INFO] [1790815374.731378740] [basic_navigator]: Getting path...
[INFO] [1790815374.790915771] [basic_navigator]: Getting path...
[INFO] [1790815374.876595250] [basic_navigator]: Getting path...
[INFO] [1790815374.897983864] [basic_navigator]: Getting path...
[INFO] [1790815374.947821902] [basic_navigator]: Getting path...
Cycle:  61 out of:  100
Start geometry_msgs.msg.PoseStamped(header=std_msgs.msg.Header(stamp=builtin_interfaces.msg.Time(sec=1790815343, nanosec=924962279), frame_id='map'), pose=geometry_msgs.msg.Pose(position=geometry_msgs.msg.Point(x=61.200000911951065, y=39.50000058859587, z=0.0), orientation=geometry_msgs.msg.Quaternion(x=-0.0, y=0.0, z=0.7640516314201976, w=-0.6451551011378075)))
Goal geometry_msgs.msg.PoseStamped(header=std_msgs.msg.Header(stamp=builtin_interfaces.msg.Time(sec=1790815343, nanosec=924962279), frame_id='map'), pose=geometry_msgs.msg.Pose(position=geometry_msgs.msg.Point(x=37.10000055283308, y=67.75000100955367, z=0.0), orientation=geometry_msgs.msg.Quaternion(x=0.0, y=0.0, z=0.9972780616502915, w=0.07373240638306458)))
[INFO] [1790815374.984175236] [basic_navigator]: Getting path...
[INFO] [1790815375.053169014] [basic_navigator]: Getting path...
[INFO] [1790815375.117198069] [basic_navigator]: Getting path...
[INFO] [1790815375.150482609] [basic_navigator]: Getting path...
[INFO] [1790815375.184111179] [basic_navigator]: Getting path...
Cycle:  62 out of:  100
Start geometry_msgs.msg.PoseStamped(header=std_msgs.msg.Header(stamp=builtin_interfaces.msg.Time(sec=1790815343, nanosec=924962279), frame_id='map'), pose=geometry_msgs.msg.Pose(position=geometry_msgs.msg.Point(x=40.50000060349703, y=79.00000117719173, z=0.0), orientation=geometry_msgs.msg.Quaternion(x=0.0, y=0.0, z=0.5139005374105068, w=0.857849775688723)))
Goal geometry_msgs.msg.PoseStamped(header=std_msgs.msg.Header(stamp=builtin_interfaces.msg.Time(sec=1790815343, nanosec=924962279), frame_id='map'), pose=geometry_msgs.msg.Pose(position=geometry_msgs.msg.Point(x=22.750000339001417, y=33.150000493973494, z=0.0), orientation=geometry_msgs.msg.Quaternion(x=-0.0, y=0.0, z=0.7780306611128178, w=-0.6282263050592132)))
[INFO] [1790815375.220080693] [basic_navigator]: Getting path...
[INFO] [1790815375.293015522] [basic_navigator]: Getting path...
[INFO] [1790815375.476530984] [basic_navigator]: Getting path...
[INFO] [1790815375.503405333] [basic_navigator]: Getting path...
[INFO] [1790815375.582832027] [basic_navigator]: Getting path...
Cycle:  63 out of:  100
Start geometry_msgs.msg.PoseStamped(header=std_msgs.msg.Header(stamp=builtin_interfaces.msg.Time(sec=1790815343, nanosec=924962279), frame_id='map'), pose=geometry_msgs.msg.Pose(position=geometry_msgs.msg.Point(x=13.450000200420618, y=92.65000138059258, z=0.0), orientation=geometry_msgs.msg.Quaternion(x=0.0, y=0.0, z=0.3451066803488005, w=0.9385634657169598)))
Goal geometry_msgs.msg.PoseStamped(header=std_msgs.msg.Header(stamp=builtin_interfaces.msg.Time(sec=1790815343, nanosec=924962279), frame_id='map'), pose=geometry_msgs.msg.Pose(position=geometry_msgs.msg.Point(x=81.05000120773911, y=12.000000178813934, z=0.0), orientation=geometry_msgs.msg.Quaternion(x=0.0, y=0.0, z=0.08917101426111942, w=0.996016330295665)))
[INFO] [1790815375.623555524] [basic_navigator]: Getting path...
[INFO] [1790815375.732239075] [basic_navigator]: Getting path...
[INFO] [1790815376.301394696] [basic_navigator]: Getting path...
[INFO] [1790815376.352696848] [basic_navigator]: Getting path...
[INFO] [1790815376.508363256] [basic_navigator]: Getting path...
Cycle:  64 out of:  100
Start geometry_msgs.msg.PoseStamped(header=std_msgs.msg.Header(stamp=builtin_interfaces.msg.Time(sec=1790815343, nanosec=924962279), frame_id='map'), pose=geometry_msgs.msg.Pose(position=geometry_msgs.msg.Point(x=83.35000124201179, y=22.550000336021185, z=0.0), orientation=geometry_msgs.msg.Quaternion(x=0.0, y=0.0, z=0.4279768287563903, w=0.9037897067612705)))
Goal geometry_msgs.msg.PoseStamped(header=std_msgs.msg.Header(stamp=builtin_interfaces.msg.Time(sec=1790815343, nanosec=924962279), frame_id='map'), pose=geometry_msgs.msg.Pose(position=geometry_msgs.msg.Point(x=45.95000068470836, y=73.30000109225512, z=0.0), orientation=geometry_msgs.msg.Quaternion(x=-0.0, y=0.0, z=0.992073390342708, w=-0.12565981129193604)))
[INFO] [1790815376.564953804] [basic_navigator]: Getting path...
[INFO] [1790815376.642058534] [basic_navigator]: Getting path...
[INFO] [1790815376.809117963] [basic_navigator]: Getting path...
[INFO] [1790815376.840304207] [basic_navigator]: Getting path...
[INFO] [1790815376.921825739] [basic_navigator]: Getting path...
Cycle:  65 out of:  100
Start geometry_msgs.msg.PoseStamped(header=std_msgs.msg.Header(stamp=builtin_interfaces.msg.Time(sec=1790815343, nanosec=924962279), frame_id='map'), pose=geometry_msgs.msg.Pose(position=geometry_msgs.msg.Point(x=71.35000106319785, y=17.700000263750553, z=0.0), orientation=geometry_msgs.msg.Quaternion(x=0.0, y=0.0, z=0.9957928294424889, w=0.09163318629689848)))
Goal geometry_msgs.msg.PoseStamped(header=std_msgs.msg.Header(stamp=builtin_interfaces.msg.Time(sec=1790815343, nanosec=924962279), frame_id='map'), pose=geometry_msgs.msg.Pose(position=geometry_msgs.msg.Point(x=78.10000116378069, y=25.55000038072467, z=0.0), orientation=geometry_msgs.msg.Quaternion(x=0.0, y=0.0, z=0.058051249629339406, w=0.9983136042429113)))
[INFO] [1790815376.961965959] [basic_navigator]: Getting path...
[INFO] [1790815376.976599977] [basic_navigator]: Getting path...
[INFO] [1790815376.986910012] [basic_navigator]: Getting path...
[INFO] [1790815376.995154007] [basic_navigator]: Getting path...
[INFO] [1790815377.000293162] [basic_navigator]: Getting path...
Cycle:  66 out of:  100
Start geometry_msgs.msg.PoseStamped(header=std_msgs.msg.Header(stamp=builtin_interfaces.msg.Time(sec=1790815343, nanosec=924962279), frame_id='map'), pose=geometry_msgs.msg.Pose(position=geometry_msgs.msg.Point(x=68.5500010214746, y=88.25000131502748, z=0.0), orientation=geometry_msgs.msg.Quaternion(x=-0.0, y=0.0, z=0.9578957429510445, w=-0.28711625804935975)))
Goal geometry_msgs.msg.PoseStamped(header=std_msgs.msg.Header(stamp=builtin_interfaces.msg.Time(sec=1790815343, nanosec=924962279), frame_id='map'), pose=geometry_msgs.msg.Pose(position=geometry_msgs.msg.Point(x=80.80000120401382, y=62.000000923871994, z=0.0), orientation=geometry_msgs.msg.Quaternion(x=0.0, y=0.0, z=0.9767210656170441, w=0.21451330956354642)))
[INFO] [1790815377.008731165] [basic_navigator]: Getting path...
[INFO] [1790815377.041257010] [basic_navigator]: Getting path...
[INFO] [1790815377.082982650] [basic_navigator]: Getting path...
[INFO] [1790815377.094861046] [basic_navigator]: Getting path...
[INFO] [1790815377.128310135] [basic_navigator]: Getting path...
Cycle:  67 out of:  100
Start geometry_msgs.msg.PoseStamped(header=std_msgs.msg.Header(stamp=builtin_interfaces.msg.Time(sec=1790815343, nanosec=924962279), frame_id='map'), pose=geometry_msgs.msg.Pose(position=geometry_msgs.msg.Point(x=87.1500012986362, y=8.150000121444464, z=0.0), orientation=geometry_msgs.msg.Quaternion(x=-0.0, y=0.0, z=0.9893086244801141, w=-0.14583705129103708)))
Goal geometry_msgs.msg.PoseStamped(header=std_msgs.msg.Header(stamp=builtin_interfaces.msg.Time(sec=1790815343, nanosec=924962279), frame_id='map'), pose=geometry_msgs.msg.Pose(position=geometry_msgs.msg.Point(x=24.400000363588333, y=14.000000208616257, z=0.0), orientation=geometry_msgs.msg.Quaternion(x=-0.0, y=0.0, z=0.2784660920758816, w=-0.9604460607259455)))
[INFO] [1790815377.159731185] [basic_navigator]: Getting path...
[INFO] [1790815377.219754993] [basic_navigator]: Getting path...
[INFO] [1790815377.375253028] [basic_navigator]: Getting path...
[INFO] [1790815377.418263862] [basic_navigator]: Getting path...
[INFO] [1790815377.471414127] [basic_navigator]: Getting path...
Cycle:  68 out of:  100
Start geometry_msgs.msg.PoseStamped(header=std_msgs.msg.Header(stamp=builtin_interfaces.msg.Time(sec=1790815343, nanosec=924962279), frame_id='map'), pose=geometry_msgs.msg.Pose(position=geometry_msgs.msg.Point(x=20.750000309199095, y=75.90000113099813, z=0.0), orientation=geometry_msgs.msg.Quaternion(x=0.0, y=0.0, z=0.9999839387520049, w=0.005667648368282097)))
Goal geometry_msgs.msg.PoseStamped(header=std_msgs.msg.Header(stamp=builtin_interfaces.msg.Time(sec=1790815343, nanosec=924962279), frame_id='map'), pose=geometry_msgs.msg.Pose(position=geometry_msgs.msg.Point(x=80.65000120177865, y=41.70000062137842, z=0.0), orientation=geometry_msgs.msg.Quaternion(x=0.0, y=0.0, z=0.6140322098294255, w=0.7892809672683058)))
[INFO] [1790815377.512625213] [basic_navigator]: Getting path...
[INFO] [1790815377.597155601] [basic_navigator]: Getting path...
[INFO] [1790815377.792969307] [basic_navigator]: Getting path...
[INFO] [1790815377.851007420] [basic_navigator]: Getting path...
[INFO] [1790815377.981785058] [basic_navigator]: Getting path...
Cycle:  69 out of:  100
Start geometry_msgs.msg.PoseStamped(header=std_msgs.msg.Header(stamp=builtin_interfaces.msg.Time(sec=1790815343, nanosec=924962279), frame_id='map'), pose=geometry_msgs.msg.Pose(position=geometry_msgs.msg.Point(x=71.35000106319785, y=82.5000012293458, z=0.0), orientation=geometry_msgs.msg.Quaternion(x=-0.0, y=0.0, z=0.28065843986200567, w=-0.9598077099785274)))
Goal geometry_msgs.msg.PoseStamped(header=std_msgs.msg.Header(stamp=builtin_interfaces.msg.Time(sec=1790815343, nanosec=924962279), frame_id='map'), pose=geometry_msgs.msg.Pose(position=geometry_msgs.msg.Point(x=25.850000385195017, y=19.200000286102295, z=0.0), orientation=geometry_msgs.msg.Quaternion(x=0.0, y=0.0, z=0.34538333346809813, w=0.9384616949894463)))
[INFO] [1790815378.041449290] [basic_navigator]: Getting path...
[INFO] [1790815378.147064130] [basic_navigator]: Getting path...
[INFO] [1790815378.474620630] [basic_navigator]: Getting path...
[INFO] [1790815378.521472037] [basic_navigator]: Getting path...
[INFO] [1790815378.697710068] [basic_navigator]: Getting path...
Cycle:  70 out of:  100
Start geometry_msgs.msg.PoseStamped(header=std_msgs.msg.Header(stamp=builtin_interfaces.msg.Time(sec=1790815343, nanosec=924962279), frame_id='map'), pose=geometry_msgs.msg.Pose(position=geometry_msgs.msg.Point(x=90.20000134408474, y=61.50000091642141, z=0.0), orientation=geometry_msgs.msg.Quaternion(x=-0.0, y=0.0, z=0.6142125272922726, w=-0.7891406536969434)))
Goal geometry_msgs.msg.PoseStamped(header=std_msgs.msg.Header(stamp=builtin_interfaces.msg.Time(sec=1790815343, nanosec=924962279), frame_id='map'), pose=geometry_msgs.msg.Pose(position=geometry_msgs.msg.Point(x=18.600000277161598, y=86.00000128149986, z=0.0), orientation=geometry_msgs.msg.Quaternion(x=0.0, y=0.0, z=0.14546924137533918, w=0.9893627746250024)))
[INFO] [1790815378.755446336] [basic_navigator]: Getting path...
[INFO] [1790815378.854822842] [basic_navigator]: Getting path...
[INFO] [1790815379.122954926] [basic_navigator]: Getting path...
[INFO] [1790815379.176667202] [basic_navigator]: Getting path...
[INFO] [1790815379.327083161] [basic_navigator]: Getting path...
Cycle:  71 out of:  100
Start geometry_msgs.msg.PoseStamped(header=std_msgs.msg.Header(stamp=builtin_interfaces.msg.Time(sec=1790815343, nanosec=924962279), frame_id='map'), pose=geometry_msgs.msg.Pose(position=geometry_msgs.msg.Point(x=28.10000041872263, y=26.400000393390656, z=0.0), orientation=geometry_msgs.msg.Quaternion(x=-0.0, y=0.0, z=0.9892198462164131, w=-0.1464380273411793)))
Goal geometry_msgs.msg.PoseStamped(header=std_msgs.msg.Header(stamp=builtin_interfaces.msg.Time(sec=1790815343, nanosec=924962279), frame_id='map'), pose=geometry_msgs.msg.Pose(position=geometry_msgs.msg.Point(x=31.70000047236681, y=41.80000062286854, z=0.0), orientation=geometry_msgs.msg.Quaternion(x=0.0, y=0.0, z=0.9268437395278155, w=0.3754473098826185)))
[INFO] [1790815379.378459760] [basic_navigator]: Getting path...
[INFO] [1790815379.403317494] [basic_navigator]: Getting path...
[INFO] [1790815379.423753048] [basic_navigator]: Getting path...
[INFO] [1790815379.432473518] [basic_navigator]: Getting path...
[INFO] [1790815379.447489229] [basic_navigator]: Getting path...
Cycle:  72 out of:  100
Start geometry_msgs.msg.PoseStamped(header=std_msgs.msg.Header(stamp=builtin_interfaces.msg.Time(sec=1790815343, nanosec=924962279), frame_id='map'), pose=geometry_msgs.msg.Pose(position=geometry_msgs.msg.Point(x=11.500000171363354, y=5.200000077486038, z=0.0), orientation=geometry_msgs.msg.Quaternion(x=0.0, y=0.0, z=0.5890338846461962, w=0.8081083360160392)))
Goal geometry_msgs.msg.PoseStamped(header=std_msgs.msg.Header(stamp=builtin_interfaces.msg.Time(sec=1790815343, nanosec=924962279), frame_id='map'), pose=geometry_msgs.msg.Pose(position=geometry_msgs.msg.Point(x=20.65000030770898, y=40.90000060945749, z=0.0), orientation=geometry_msgs.msg.Quaternion(x=-0.0, y=0.0, z=0.8816937292450246, w=-0.4718221781667339)))
[INFO] [1790815379.456942257] [basic_navigator]: Getting path...
[INFO] [1790815379.497366429] [basic_navigator]: Getting path...
[INFO] [1790815379.560737363] [basic_navigator]: Getting path...
[INFO] [1790815379.584996788] [basic_navigator]: Getting path...
[INFO] [1790815379.743923307] [basic_navigator]: Getting path...
Cycle:  73 out of:  100
Start geometry_msgs.msg.PoseStamped(header=std_msgs.msg.Header(stamp=builtin_interfaces.msg.Time(sec=1790815343, nanosec=924962279), frame_id='map'), pose=geometry_msgs.msg.Pose(position=geometry_msgs.msg.Point(x=84.15000125393271, y=25.100000374019146, z=0.0), orientation=geometry_msgs.msg.Quaternion(x=0.0, y=0.0, z=0.6926785736328622, w=0.7212464167189626)))
Goal geometry_msgs.msg.PoseStamped(header=std_msgs.msg.Header(stamp=builtin_interfaces.msg.Time(sec=1790815343, nanosec=924962279), frame_id='map'), pose=geometry_msgs.msg.Pose(position=geometry_msgs.msg.Point(x=71.60000106692314, y=17.100000254809856, z=0.0), orientation=geometry_msgs.msg.Quaternion(x=0.0, y=0.0, z=0.9141645656747611, w=0.4053432457370856)))
[INFO] [1790815379.832859378] [basic_navigator]: Getting path...
[INFO] [1790815379.851573278] [basic_navigator]: Getting path...
[INFO] [1790815379.862217739] [basic_navigator]: Getting path...
[INFO] [1790815379.871136717] [basic_navigator]: Getting path...
[INFO] [1790815379.885103976] [basic_navigator]: Getting path...
Cycle:  74 out of:  100
Start geometry_msgs.msg.PoseStamped(header=std_msgs.msg.Header(stamp=builtin_interfaces.msg.Time(sec=1790815343, nanosec=924962279), frame_id='map'), pose=geometry_msgs.msg.Pose(position=geometry_msgs.msg.Point(x=85.15000126883388, y=19.05000028386712, z=0.0), orientation=geometry_msgs.msg.Quaternion(x=-0.0, y=0.0, z=0.9898989167302955, w=-0.1417749436825404)))
Goal geometry_msgs.msg.PoseStamped(header=std_msgs.msg.Header(stamp=builtin_interfaces.msg.Time(sec=1790815343, nanosec=924962279), frame_id='map'), pose=geometry_msgs.msg.Pose(position=geometry_msgs.msg.Point(x=72.55000108107924, y=62.200000926852226, z=0.0), orientation=geometry_msgs.msg.Quaternion(x=-0.0, y=0.0, z=0.936000182738608, w=-0.351999514081046)))
[INFO] [1790815379.896173888] [basic_navigator]: Getting path...
[INFO] [1790815379.949706291] [basic_navigator]: Getting path...
[INFO] [1790815380.034696824] [basic_navigator]: Getting path...
[INFO] [1790815380.189890982] [basic_navigator]: Getting path...
[INFO] [1790815380.247967546] [basic_navigator]: Getting path...
SmacLattice planner failed to produce the path
One of the planners was invalid
Cycle:  74 out of:  100
Start geometry_msgs.msg.PoseStamped(header=std_msgs.msg.Header(stamp=builtin_interfaces.msg.Time(sec=1790815343, nanosec=924962279), frame_id='map'), pose=geometry_msgs.msg.Pose(position=geometry_msgs.msg.Point(x=61.10000091046095, y=48.850000727921724, z=0.0), orientation=geometry_msgs.msg.Quaternion(x=0.0, y=0.0, z=0.943298358374669, w=0.3319460906346909)))
Goal geometry_msgs.msg.PoseStamped(header=std_msgs.msg.Header(stamp=builtin_interfaces.msg.Time(sec=1790815343, nanosec=924962279), frame_id='map'), pose=geometry_msgs.msg.Pose(position=geometry_msgs.msg.Point(x=91.90000136941671, y=31.20000046491623, z=0.0), orientation=geometry_msgs.msg.Quaternion(x=0.0, y=0.0, z=0.9112902052283103, w=0.41176469233646545)))
[INFO] [1790815381.259856063] [basic_navigator]: Getting path...
[INFO] [1790815381.311579968] [basic_navigator]: Getting path...
[INFO] [1790815381.359130521] [basic_navigator]: Getting path...
[INFO] [1790815381.942077085] [basic_navigator]: Getting path...
[INFO] [1790815381.976794660] [basic_navigator]: Getting path...
Cycle:  75 out of:  100
Start geometry_msgs.msg.PoseStamped(header=std_msgs.msg.Header(stamp=builtin_interfaces.msg.Time(sec=1790815343, nanosec=924962279), frame_id='map'), pose=geometry_msgs.msg.Pose(position=geometry_msgs.msg.Point(x=27.750000413507223, y=40.25000059977174, z=0.0), orientation=geometry_msgs.msg.Quaternion(x=-0.0, y=0.0, z=0.9998739070577523, w=-0.0158798609901175)))
Goal geometry_msgs.msg.PoseStamped(header=std_msgs.msg.Header(stamp=builtin_interfaces.msg.Time(sec=1790815343, nanosec=924962279), frame_id='map'), pose=geometry_msgs.msg.Pose(position=geometry_msgs.msg.Point(x=39.25000058487058, y=58.20000086724758, z=0.0), orientation=geometry_msgs.msg.Quaternion(x=0.0, y=0.0, z=0.9298046725462289, w=0.3680533533486688)))
[INFO] [1790815382.121666298] [basic_navigator]: Getting path...
[INFO] [1790815382.151825937] [basic_navigator]: Getting path...
[INFO] [1790815382.181444247] [basic_navigator]: Getting path...
[INFO] [1790815382.201151089] [basic_navigator]: Getting path...
[INFO] [1790815382.233004713] [basic_navigator]: Getting path...
Cycle:  76 out of:  100
Start geometry_msgs.msg.PoseStamped(header=std_msgs.msg.Header(stamp=builtin_interfaces.msg.Time(sec=1790815343, nanosec=924962279), frame_id='map'), pose=geometry_msgs.msg.Pose(position=geometry_msgs.msg.Point(x=7.350000109523535, y=15.300000227987766, z=0.0), orientation=geometry_msgs.msg.Quaternion(x=-0.0, y=0.0, z=0.8056658874568999, w=-0.5923702202071656)))
Goal geometry_msgs.msg.PoseStamped(header=std_msgs.msg.Header(stamp=builtin_interfaces.msg.Time(sec=1790815343, nanosec=924962279), frame_id='map'), pose=geometry_msgs.msg.Pose(position=geometry_msgs.msg.Point(x=59.35000088438392, y=78.75000117346644, z=0.0), orientation=geometry_msgs.msg.Quaternion(x=-0.0, y=0.0, z=0.44566046515170366, w=-0.8952020720489688)))
[INFO] [1790815382.253940376] [basic_navigator]: Getting path...
[INFO] [1790815382.347238107] [basic_navigator]: Getting path...
[INFO] [1790815382.779977657] [basic_navigator]: Getting path...
SmacHybrid planner failed to produce the path
One of the planners was invalid
Cycle:  76 out of:  100
Start geometry_msgs.msg.PoseStamped(header=std_msgs.msg.Header(stamp=builtin_interfaces.msg.Time(sec=1790815343, nanosec=924962279), frame_id='map'), pose=geometry_msgs.msg.Pose(position=geometry_msgs.msg.Point(x=54.45000081136823, y=63.15000094100833, z=0.0), orientation=geometry_msgs.msg.Quaternion(x=0.0, y=0.0, z=0.9751191680894752, w=0.22168132087410952)))
Goal geometry_msgs.msg.PoseStamped(header=std_msgs.msg.Header(stamp=builtin_interfaces.msg.Time(sec=1790815343, nanosec=924962279), frame_id='map'), pose=geometry_msgs.msg.Pose(position=geometry_msgs.msg.Point(x=76.85000114515424, y=55.45000082626939, z=0.0), orientation=geometry_msgs.msg.Quaternion(x=0.0, y=0.0, z=0.24958579575980774, w=0.9683526891349781)))
[INFO] [1790815382.813186211] [basic_navigator]: Getting path...
[INFO] [1790815382.851972331] [basic_navigator]: Getting path...
[INFO] [1790815382.884308635] [basic_navigator]: Getting path...
[INFO] [1790815382.897727666] [basic_navigator]: Getting path...
[INFO] [1790815382.917360220] [basic_navigator]: Getting path...
Cycle:  77 out of:  100
Start geometry_msgs.msg.PoseStamped(header=std_msgs.msg.Header(stamp=builtin_interfaces.msg.Time(sec=1790815343, nanosec=924962279), frame_id='map'), pose=geometry_msgs.msg.Pose(position=geometry_msgs.msg.Point(x=79.00000117719173, y=92.30000137537718, z=0.0), orientation=geometry_msgs.msg.Quaternion(x=-0.0, y=0.0, z=0.9963792294192306, w=-0.08502018102744952)))
Goal geometry_msgs.msg.PoseStamped(header=std_msgs.msg.Header(stamp=builtin_interfaces.msg.Time(sec=1790815343, nanosec=924962279), frame_id='map'), pose=geometry_msgs.msg.Pose(position=geometry_msgs.msg.Point(x=43.950000654906034, y=49.0000007301569, z=0.0), orientation=geometry_msgs.msg.Quaternion(x=0.0, y=0.0, z=0.46713463748116435, w=0.8841861967172645)))
[INFO] [1790815382.935655399] [basic_navigator]: Getting path...
[INFO] [1790815383.000828013] [basic_navigator]: Getting path...
[INFO] [1790815383.113450279] [basic_navigator]: Getting path...
[INFO] [1790815383.562619514] [basic_navigator]: Getting path...
[INFO] [1790815383.620689531] [basic_navigator]: Getting path...
Cycle:  78 out of:  100
Start geometry_msgs.msg.PoseStamped(header=std_msgs.msg.Header(stamp=builtin_interfaces.msg.Time(sec=1790815343, nanosec=924962279), frame_id='map'), pose=geometry_msgs.msg.Pose(position=geometry_msgs.msg.Point(x=88.75000132247806, y=42.95000064000487, z=0.0), orientation=geometry_msgs.msg.Quaternion(x=0.0, y=0.0, z=0.16096854856184006, w=0.9869595363407228)))
Goal geometry_msgs.msg.PoseStamped(header=std_msgs.msg.Header(stamp=builtin_interfaces.msg.Time(sec=1790815343, nanosec=924962279), frame_id='map'), pose=geometry_msgs.msg.Pose(position=geometry_msgs.msg.Point(x=94.10000140219927, y=78.75000117346644, z=0.0), orientation=geometry_msgs.msg.Quaternion(x=0.0, y=0.0, z=0.5231346133457652, w=0.8522500667759298)))
[INFO] [1790815383.678809002] [basic_navigator]: Getting path...
[INFO] [1790815383.722545933] [basic_navigator]: Getting path...
[INFO] [1790815383.807817516] [basic_navigator]: Getting path...
[INFO] [1790815383.824469347] [basic_navigator]: Getting path...
[INFO] [1790815383.851738125] [basic_navigator]: Getting path...
Cycle:  79 out of:  100
Start geometry_msgs.msg.PoseStamped(header=std_msgs.msg.Header(stamp=builtin_interfaces.msg.Time(sec=1790815343, nanosec=924962279), frame_id='map'), pose=geometry_msgs.msg.Pose(position=geometry_msgs.msg.Point(x=39.800000593066216, y=59.75000089034438, z=0.0), orientation=geometry_msgs.msg.Quaternion(x=0.0, y=0.0, z=0.8750064296259791, w=0.4841112972377288)))
Goal geometry_msgs.msg.PoseStamped(header=std_msgs.msg.Header(stamp=builtin_interfaces.msg.Time(sec=1790815343, nanosec=924962279), frame_id='map'), pose=geometry_msgs.msg.Pose(position=geometry_msgs.msg.Point(x=17.25000025704503, y=35.950000535696745, z=0.0), orientation=geometry_msgs.msg.Quaternion(x=0.0, y=0.0, z=0.82698301455319, w=0.5622269058311941)))
[INFO] [1790815383.872989666] [basic_navigator]: Getting path...
[INFO] [1790815383.922233974] [basic_navigator]: Getting path...
[INFO] [1790815383.971732860] [basic_navigator]: Getting path...
[INFO] [1790815384.075087579] [basic_navigator]: Getting path...
[INFO] [1790815384.099008631] [basic_navigator]: Getting path...
Cycle:  80 out of:  100
Start geometry_msgs.msg.PoseStamped(header=std_msgs.msg.Header(stamp=builtin_interfaces.msg.Time(sec=1790815343, nanosec=924962279), frame_id='map'), pose=geometry_msgs.msg.Pose(position=geometry_msgs.msg.Point(x=42.95000064000487, y=42.150000628083944, z=0.0), orientation=geometry_msgs.msg.Quaternion(x=-0.0, y=0.0, z=0.6623573284683643, w=-0.7491880734663703)))
Goal geometry_msgs.msg.PoseStamped(header=std_msgs.msg.Header(stamp=builtin_interfaces.msg.Time(sec=1790815343, nanosec=924962279), frame_id='map'), pose=geometry_msgs.msg.Pose(position=geometry_msgs.msg.Point(x=36.700000546872616, y=71.80000106990337, z=0.0), orientation=geometry_msgs.msg.Quaternion(x=-0.0, y=0.0, z=0.9580884760009615, w=-0.28647246316907143)))
[INFO] [1790815384.126005254] [basic_navigator]: Getting path...
[INFO] [1790815384.170845272] [basic_navigator]: Getting path...
[INFO] [1790815384.226278143] [basic_navigator]: Getting path...
[INFO] [1790815384.244969533] [basic_navigator]: Getting path...
[INFO] [1790815384.277023488] [basic_navigator]: Getting path...
Cycle:  81 out of:  100
Start geometry_msgs.msg.PoseStamped(header=std_msgs.msg.Header(stamp=builtin_interfaces.msg.Time(sec=1790815343, nanosec=924962279), frame_id='map'), pose=geometry_msgs.msg.Pose(position=geometry_msgs.msg.Point(x=58.95000087842345, y=27.900000415742397, z=0.0), orientation=geometry_msgs.msg.Quaternion(x=-0.0, y=0.0, z=0.8359139708391302, w=-0.5488604862403176)))
Goal geometry_msgs.msg.PoseStamped(header=std_msgs.msg.Header(stamp=builtin_interfaces.msg.Time(sec=1790815343, nanosec=924962279), frame_id='map'), pose=geometry_msgs.msg.Pose(position=geometry_msgs.msg.Point(x=82.40000122785568, y=13.500000201165676, z=0.0), orientation=geometry_msgs.msg.Quaternion(x=0.0, y=0.0, z=0.6390062088548057, w=0.769201576340694)))
[INFO] [1790815384.313082251] [basic_navigator]: Getting path...
[INFO] [1790815384.352556431] [basic_navigator]: Getting path...
[INFO] [1790815384.375575477] [basic_navigator]: Getting path...
[INFO] [1790815384.567272756] [basic_navigator]: Getting path...
[INFO] [1790815384.581808547] [basic_navigator]: Getting path...
Cycle:  82 out of:  100
Start geometry_msgs.msg.PoseStamped(header=std_msgs.msg.Header(stamp=builtin_interfaces.msg.Time(sec=1790815343, nanosec=924962279), frame_id='map'), pose=geometry_msgs.msg.Pose(position=geometry_msgs.msg.Point(x=92.4000013768673, y=21.800000324845314, z=0.0), orientation=geometry_msgs.msg.Quaternion(x=-0.0, y=0.0, z=0.9025390629037007, w=-0.43060798870075545)))
Goal geometry_msgs.msg.PoseStamped(header=std_msgs.msg.Header(stamp=builtin_interfaces.msg.Time(sec=1790815343, nanosec=924962279), frame_id='map'), pose=geometry_msgs.msg.Pose(position=geometry_msgs.msg.Point(x=33.5000004991889, y=89.10000132769346, z=0.0), orientation=geometry_msgs.msg.Quaternion(x=-0.0, y=0.0, z=0.8768392704391706, w=-0.48078362473747266)))
[INFO] [1790815384.629468361] [basic_navigator]: Getting path...
[INFO] [1790815384.732683222] [basic_navigator]: Getting path...
[INFO] [1790815385.176104371] [basic_navigator]: Getting path...
[INFO] [1790815385.469899877] [basic_navigator]: Getting path...
[INFO] [1790815385.635190267] [basic_navigator]: Getting path...
Cycle:  83 out of:  100
Start geometry_msgs.msg.PoseStamped(header=std_msgs.msg.Header(stamp=builtin_interfaces.msg.Time(sec=1790815343, nanosec=924962279), frame_id='map'), pose=geometry_msgs.msg.Pose(position=geometry_msgs.msg.Point(x=35.0500005222857, y=82.30000122636557, z=0.0), orientation=geometry_msgs.msg.Quaternion(x=-0.0, y=0.0, z=0.38358706806808723, w=-0.9235047163988545)))
Goal geometry_msgs.msg.PoseStamped(header=std_msgs.msg.Header(stamp=builtin_interfaces.msg.Time(sec=1790815343, nanosec=924962279), frame_id='map'), pose=geometry_msgs.msg.Pose(position=geometry_msgs.msg.Point(x=88.55000131949782, y=64.70000096410513, z=0.0), orientation=geometry_msgs.msg.Quaternion(x=0.0, y=0.0, z=0.6504786473790977, w=0.7595245416073528)))
[INFO] [1790815385.773876544] [basic_navigator]: Getting path...
[INFO] [1790815385.848370232] [basic_navigator]: Getting path...
[INFO] [1790815386.093037292] [basic_navigator]: Getting path...
[INFO] [1790815386.125010979] [basic_navigator]: Getting path...
[INFO] [1790815386.229364813] [basic_navigator]: Getting path...
Cycle:  84 out of:  100
Start geometry_msgs.msg.PoseStamped(header=std_msgs.msg.Header(stamp=builtin_interfaces.msg.Time(sec=1790815343, nanosec=924962279), frame_id='map'), pose=geometry_msgs.msg.Pose(position=geometry_msgs.msg.Point(x=92.70000138133764, y=21.65000032261014, z=0.0), orientation=geometry_msgs.msg.Quaternion(x=0.0, y=0.0, z=0.06400001589102215, w=0.9979498975228911)))
Goal geometry_msgs.msg.PoseStamped(header=std_msgs.msg.Header(stamp=builtin_interfaces.msg.Time(sec=1790815343, nanosec=924962279), frame_id='map'), pose=geometry_msgs.msg.Pose(position=geometry_msgs.msg.Point(x=45.3000006750226, y=71.10000105947256, z=0.0), orientation=geometry_msgs.msg.Quaternion(x=-0.0, y=0.0, z=0.15036381997730203, w=-0.988630730678464)))
[INFO] [1790815386.261948283] [basic_navigator]: Getting path...
[INFO] [1790815386.342499947] [basic_navigator]: Getting path...
[INFO] [1790815386.634623509] [basic_navigator]: Getting path...
SmacHybrid planner failed to produce the path
One of the planners was invalid
Cycle:  84 out of:  100
Start geometry_msgs.msg.PoseStamped(header=std_msgs.msg.Header(stamp=builtin_interfaces.msg.Time(sec=1790815343, nanosec=924962279), frame_id='map'), pose=geometry_msgs.msg.Pose(position=geometry_msgs.msg.Point(x=68.45000101998448, y=24.00000035762787, z=0.0), orientation=geometry_msgs.msg.Quaternion(x=0.0, y=0.0, z=0.9735933658045577, w=0.22828919830196226)))
Goal geometry_msgs.msg.PoseStamped(header=std_msgs.msg.Header(stamp=builtin_interfaces.msg.Time(sec=1790815343, nanosec=924962279), frame_id='map'), pose=geometry_msgs.msg.Pose(position=geometry_msgs.msg.Point(x=43.25000064447522, y=88.85000132396817, z=0.0), orientation=geometry_msgs.msg.Quaternion(x=0.0, y=0.0, z=0.01940619648337448, w=0.9998116820371967)))
[INFO] [1790815387.316186093] [basic_navigator]: Getting path...
[INFO] [1790815387.408457823] [basic_navigator]: Getting path...
[INFO] [1790815387.625829679] [basic_navigator]: Getting path...
[INFO] [1790815387.685000520] [basic_navigator]: Getting path...
[INFO] [1790815387.813560043] [basic_navigator]: Getting path...
Cycle:  85 out of:  100
Start geometry_msgs.msg.PoseStamped(header=std_msgs.msg.Header(stamp=builtin_interfaces.msg.Time(sec=1790815343, nanosec=924962279), frame_id='map'), pose=geometry_msgs.msg.Pose(position=geometry_msgs.msg.Point(x=50.70000075548887, y=5.700000084936619, z=0.0), orientation=geometry_msgs.msg.Quaternion(x=-0.0, y=0.0, z=0.22359795159451112, w=-0.9746814638858885)))
Goal geometry_msgs.msg.PoseStamped(header=std_msgs.msg.Header(stamp=builtin_interfaces.msg.Time(sec=1790815343, nanosec=924962279), frame_id='map'), pose=geometry_msgs.msg.Pose(position=geometry_msgs.msg.Point(x=94.95000141486526, y=63.9000009521842, z=0.0), orientation=geometry_msgs.msg.Quaternion(x=0.0, y=0.0, z=0.4125065770180481, w=0.9109546223148841)))
[INFO] [1790815387.863487798] [basic_navigator]: Getting path...
[INFO] [1790815387.944498597] [basic_navigator]: Getting path...
[INFO] [1790815388.134078201] [basic_navigator]: Getting path...
[INFO] [1790815388.171570328] [basic_navigator]: Getting path...
[INFO] [1790815388.258234298] [basic_navigator]: Getting path...
Cycle:  86 out of:  100
Start geometry_msgs.msg.PoseStamped(header=std_msgs.msg.Header(stamp=builtin_interfaces.msg.Time(sec=1790815343, nanosec=924962279), frame_id='map'), pose=geometry_msgs.msg.Pose(position=geometry_msgs.msg.Point(x=12.050000179558992, y=42.100000627338886, z=0.0), orientation=geometry_msgs.msg.Quaternion(x=0.0, y=0.0, z=0.9060163022307918, w=0.42324279095105993)))
Goal geometry_msgs.msg.PoseStamped(header=std_msgs.msg.Header(stamp=builtin_interfaces.msg.Time(sec=1790815343, nanosec=924962279), frame_id='map'), pose=geometry_msgs.msg.Pose(position=geometry_msgs.msg.Point(x=84.25000125542283, y=72.6000010818243, z=0.0), orientation=geometry_msgs.msg.Quaternion(x=0.0, y=0.0, z=0.5239627925717469, w=0.8517411531682713)))
[INFO] [1790815388.297795724] [basic_navigator]: Getting path...
[INFO] [1790815388.392903048] [basic_navigator]: Getting path...
[INFO] [1790815388.652839325] [basic_navigator]: Getting path...
[INFO] [1790815388.704852183] [basic_navigator]: Getting path...
[INFO] [1790815388.895860295] [basic_navigator]: Getting path...
Cycle:  87 out of:  100
Start geometry_msgs.msg.PoseStamped(header=std_msgs.msg.Header(stamp=builtin_interfaces.msg.Time(sec=1790815343, nanosec=924962279), frame_id='map'), pose=geometry_msgs.msg.Pose(position=geometry_msgs.msg.Point(x=37.65000056102872, y=65.20000097155571, z=0.0), orientation=geometry_msgs.msg.Quaternion(x=0.0, y=0.0, z=0.03744407659166108, w=0.999298724670555)))
Goal geometry_msgs.msg.PoseStamped(header=std_msgs.msg.Header(stamp=builtin_interfaces.msg.Time(sec=1790815343, nanosec=924962279), frame_id='map'), pose=geometry_msgs.msg.Pose(position=geometry_msgs.msg.Point(x=6.800000101327896, y=68.40000101923943, z=0.0), orientation=geometry_msgs.msg.Quaternion(x=-0.0, y=0.0, z=0.6944566746210418, w=-0.7195345211136742)))
[INFO] [1790815388.954316527] [basic_navigator]: Getting path...
[INFO] [1790815388.997506642] [basic_navigator]: Getting path...
[INFO] [1790815389.038793679] [basic_navigator]: Getting path...
[INFO] [1790815389.067963963] [basic_navigator]: Getting path...
[INFO] [1790815389.088535758] [basic_navigator]: Getting path...
Cycle:  88 out of:  100
Start geometry_msgs.msg.PoseStamped(header=std_msgs.msg.Header(stamp=builtin_interfaces.msg.Time(sec=1790815343, nanosec=924962279), frame_id='map'), pose=geometry_msgs.msg.Pose(position=geometry_msgs.msg.Point(x=19.200000286102295, y=31.100000463426113, z=0.0), orientation=geometry_msgs.msg.Quaternion(x=0.0, y=0.0, z=0.7547070436948062, w=0.6560619469207507)))
Goal geometry_msgs.msg.PoseStamped(header=std_msgs.msg.Header(stamp=builtin_interfaces.msg.Time(sec=1790815343, nanosec=924962279), frame_id='map'), pose=geometry_msgs.msg.Pose(position=geometry_msgs.msg.Point(x=41.20000061392784, y=62.40000092983246, z=0.0), orientation=geometry_msgs.msg.Quaternion(x=-0.0, y=0.0, z=0.06642211001163667, w=-0.9977916131645936)))
[INFO] [1790815389.115071580] [basic_navigator]: Getting path...
[INFO] [1790815389.163826713] [basic_navigator]: Getting path...
[INFO] [1790815389.251320229] [basic_navigator]: Getting path...
[INFO] [1790815389.283723109] [basic_navigator]: Getting path...
[INFO] [1790815389.338611336] [basic_navigator]: Getting path...
Cycle:  89 out of:  100
Start geometry_msgs.msg.PoseStamped(header=std_msgs.msg.Header(stamp=builtin_interfaces.msg.Time(sec=1790815343, nanosec=924962279), frame_id='map'), pose=geometry_msgs.msg.Pose(position=geometry_msgs.msg.Point(x=50.85000075772405, y=18.55000027641654, z=0.0), orientation=geometry_msgs.msg.Quaternion(x=0.0, y=0.0, z=0.9760057184090566, w=0.21774489117502005)))
Goal geometry_msgs.msg.PoseStamped(header=std_msgs.msg.Header(stamp=builtin_interfaces.msg.Time(sec=1790815343, nanosec=924962279), frame_id='map'), pose=geometry_msgs.msg.Pose(position=geometry_msgs.msg.Point(x=84.20000125467777, y=10.600000157952309, z=0.0), orientation=geometry_msgs.msg.Quaternion(x=0.0, y=0.0, z=0.9999992305340736, w=0.001240536682580602)))
[INFO] [1790815389.363375684] [basic_navigator]: Getting path...
[INFO] [1790815389.409185726] [basic_navigator]: Getting path...
[INFO] [1790815389.470449446] [basic_navigator]: Getting path...
SmacHybrid planner failed to produce the path
One of the planners was invalid
Cycle:  89 out of:  100
Start geometry_msgs.msg.PoseStamped(header=std_msgs.msg.Header(stamp=builtin_interfaces.msg.Time(sec=1790815343, nanosec=924962279), frame_id='map'), pose=geometry_msgs.msg.Pose(position=geometry_msgs.msg.Point(x=86.25000128522515, y=18.500000275671482, z=0.0), orientation=geometry_msgs.msg.Quaternion(x=-0.0, y=0.0, z=0.03156480095353776, w=-0.9995017075226853)))
Goal geometry_msgs.msg.PoseStamped(header=std_msgs.msg.Header(stamp=builtin_interfaces.msg.Time(sec=1790815343, nanosec=924962279), frame_id='map'), pose=geometry_msgs.msg.Pose(position=geometry_msgs.msg.Point(x=54.05000080540776, y=11.450000170618296, z=0.0), orientation=geometry_msgs.msg.Quaternion(x=0.0, y=0.0, z=0.24948814586151, w=0.9683778524287852)))
[INFO] [1790815390.280689670] [basic_navigator]: Getting path...
[INFO] [1790815390.464113822] [basic_navigator]: Getting path...
[INFO] [1790815390.510060682] [basic_navigator]: Getting path...
[INFO] [1790815390.681726903] [basic_navigator]: Getting path...
[INFO] [1790815390.718768892] [basic_navigator]: Getting path...
Cycle:  90 out of:  100
Start geometry_msgs.msg.PoseStamped(header=std_msgs.msg.Header(stamp=builtin_interfaces.msg.Time(sec=1790815343, nanosec=924962279), frame_id='map'), pose=geometry_msgs.msg.Pose(position=geometry_msgs.msg.Point(x=85.30000127106905, y=25.900000385940075, z=0.0), orientation=geometry_msgs.msg.Quaternion(x=-0.0, y=0.0, z=0.3767722493657045, w=-0.9263059279244128)))
Goal geometry_msgs.msg.PoseStamped(header=std_msgs.msg.Header(stamp=builtin_interfaces.msg.Time(sec=1790815343, nanosec=924962279), frame_id='map'), pose=geometry_msgs.msg.Pose(position=geometry_msgs.msg.Point(x=81.20000120997429, y=17.0500002540648, z=0.0), orientation=geometry_msgs.msg.Quaternion(x=0.0, y=0.0, z=0.48884264942759575, w=0.8723719757652746)))
[INFO] [1790815390.806094616] [basic_navigator]: Getting path...
[INFO] [1790815390.823597709] [basic_navigator]: Getting path...
[INFO] [1790815390.835795384] [basic_navigator]: Getting path...
[INFO] [1790815390.845300004] [basic_navigator]: Getting path...
[INFO] [1790815390.855270381] [basic_navigator]: Getting path...
Cycle:  91 out of:  100
Start geometry_msgs.msg.PoseStamped(header=std_msgs.msg.Header(stamp=builtin_interfaces.msg.Time(sec=1790815343, nanosec=924962279), frame_id='map'), pose=geometry_msgs.msg.Pose(position=geometry_msgs.msg.Point(x=54.10000080615282, y=16.100000239908695, z=0.0), orientation=geometry_msgs.msg.Quaternion(x=-0.0, y=0.0, z=0.7111119421381479, w=-0.7030788047925435)))
Goal geometry_msgs.msg.PoseStamped(header=std_msgs.msg.Header(stamp=builtin_interfaces.msg.Time(sec=1790815343, nanosec=924962279), frame_id='map'), pose=geometry_msgs.msg.Pose(position=geometry_msgs.msg.Point(x=79.55000118538737, y=14.850000221282244, z=0.0), orientation=geometry_msgs.msg.Quaternion(x=0.0, y=0.0, z=0.8608887948096743, w=0.5087931632511844)))
[INFO] [1790815390.863041464] [basic_navigator]: Getting path...
[INFO] [1790815390.894069430] [basic_navigator]: Getting path...
[INFO] [1790815390.921608831] [basic_navigator]: Getting path...
[INFO] [1790815391.198953113] [basic_navigator]: Getting path...
[INFO] [1790815391.215996711] [basic_navigator]: Getting path...
SmacLattice planner failed to produce the path
One of the planners was invalid
Cycle:  91 out of:  100
Start geometry_msgs.msg.PoseStamped(header=std_msgs.msg.Header(stamp=builtin_interfaces.msg.Time(sec=1790815343, nanosec=924962279), frame_id='map'), pose=geometry_msgs.msg.Pose(position=geometry_msgs.msg.Point(x=38.750000577419996, y=81.45000121369958, z=0.0), orientation=geometry_msgs.msg.Quaternion(x=0.0, y=0.0, z=0.14641186415689045, w=0.9892237188998777)))
Goal geometry_msgs.msg.PoseStamped(header=std_msgs.msg.Header(stamp=builtin_interfaces.msg.Time(sec=1790815343, nanosec=924962279), frame_id='map'), pose=geometry_msgs.msg.Pose(position=geometry_msgs.msg.Point(x=52.00000077486038, y=20.85000031068921, z=0.0), orientation=geometry_msgs.msg.Quaternion(x=-0.0, y=0.0, z=0.9517657181080142, w=-0.3068257124726284)))
[INFO] [1790815391.221231119] [basic_navigator]: Getting path...
[INFO] [1790815391.305766263] [basic_navigator]: Getting path...
[INFO] [1790815391.518217278] [basic_navigator]: Getting path...
[INFO] [1790815391.573064655] [basic_navigator]: Getting path...
[INFO] [1790815391.657947147] [basic_navigator]: Getting path...
Cycle:  92 out of:  100
Start geometry_msgs.msg.PoseStamped(header=std_msgs.msg.Header(stamp=builtin_interfaces.msg.Time(sec=1790815343, nanosec=924962279), frame_id='map'), pose=geometry_msgs.msg.Pose(position=geometry_msgs.msg.Point(x=11.050000164657831, y=74.85000111535192, z=0.0), orientation=geometry_msgs.msg.Quaternion(x=0.0, y=0.0, z=0.004918361589276087, w=0.9999879047864915)))
Goal geometry_msgs.msg.PoseStamped(header=std_msgs.msg.Header(stamp=builtin_interfaces.msg.Time(sec=1790815343, nanosec=924962279), frame_id='map'), pose=geometry_msgs.msg.Pose(position=geometry_msgs.msg.Point(x=73.90000110119581, y=68.25000101700425, z=0.0), orientation=geometry_msgs.msg.Quaternion(x=0.0, y=0.0, z=0.4186780226514763, w=0.9081347440488388)))
[INFO] [1790815391.727048604] [basic_navigator]: Getting path...
[INFO] [1790815391.796187637] [basic_navigator]: Getting path...
[INFO] [1790815391.935685884] [basic_navigator]: Getting path...
SmacHybrid planner failed to produce the path
One of the planners was invalid
Cycle:  92 out of:  100
Start geometry_msgs.msg.PoseStamped(header=std_msgs.msg.Header(stamp=builtin_interfaces.msg.Time(sec=1790815343, nanosec=924962279), frame_id='map'), pose=geometry_msgs.msg.Pose(position=geometry_msgs.msg.Point(x=80.0000011920929, y=93.50000139325857, z=0.0), orientation=geometry_msgs.msg.Quaternion(x=-0.0, y=0.0, z=0.9961948174956878, w=-0.08715437794358416)))
Goal geometry_msgs.msg.PoseStamped(header=std_msgs.msg.Header(stamp=builtin_interfaces.msg.Time(sec=1790815343, nanosec=924962279), frame_id='map'), pose=geometry_msgs.msg.Pose(position=geometry_msgs.msg.Point(x=74.90000111609697, y=45.000000670552254, z=0.0), orientation=geometry_msgs.msg.Quaternion(x=-0.0, y=0.0, z=0.2047128562734902, w=-0.9788220708976424)))
[INFO] [1790815391.953312563] [basic_navigator]: Getting path...
[INFO] [1790815392.000640893] [basic_navigator]: Getting path...
[INFO] [1790815392.141049518] [basic_navigator]: Getting path...
[INFO] [1790815392.175315132] [basic_navigator]: Getting path...
[INFO] [1790815392.224095932] [basic_navigator]: Getting path...
Cycle:  93 out of:  100
Start geometry_msgs.msg.PoseStamped(header=std_msgs.msg.Header(stamp=builtin_interfaces.msg.Time(sec=1790815343, nanosec=924962279), frame_id='map'), pose=geometry_msgs.msg.Pose(position=geometry_msgs.msg.Point(x=35.0500005222857, y=11.550000172108412, z=0.0), orientation=geometry_msgs.msg.Quaternion(x=-0.0, y=0.0, z=0.6540454538716564, w=-0.7564552493504285)))
Goal geometry_msgs.msg.PoseStamped(header=std_msgs.msg.Header(stamp=builtin_interfaces.msg.Time(sec=1790815343, nanosec=924962279), frame_id='map'), pose=geometry_msgs.msg.Pose(position=geometry_msgs.msg.Point(x=21.40000031888485, y=52.60000078380108, z=0.0), orientation=geometry_msgs.msg.Quaternion(x=-0.0, y=0.0, z=0.643673590178139, w=-0.7653001432818272)))
[INFO] [1790815392.255850679] [basic_navigator]: Getting path...
[INFO] [1790815392.312807260] [basic_navigator]: Getting path...
[INFO] [1790815392.446634107] [basic_navigator]: Getting path...
[INFO] [1790815392.498555172] [basic_navigator]: Getting path...
[INFO] [1790815392.556004361] [basic_navigator]: Getting path...
Cycle:  94 out of:  100
Start geometry_msgs.msg.PoseStamped(header=std_msgs.msg.Header(stamp=builtin_interfaces.msg.Time(sec=1790815343, nanosec=924962279), frame_id='map'), pose=geometry_msgs.msg.Pose(position=geometry_msgs.msg.Point(x=62.85000093653798, y=50.25000074878335, z=0.0), orientation=geometry_msgs.msg.Quaternion(x=0.0, y=0.0, z=0.9644172752049032, w=0.264384793977169)))
Goal geometry_msgs.msg.PoseStamped(header=std_msgs.msg.Header(stamp=builtin_interfaces.msg.Time(sec=1790815343, nanosec=924962279), frame_id='map'), pose=geometry_msgs.msg.Pose(position=geometry_msgs.msg.Point(x=85.40000127255917, y=80.15000119432807, z=0.0), orientation=geometry_msgs.msg.Quaternion(x=0.0, y=0.0, z=0.9157917348480754, w=0.4016534555857231)))
[INFO] [1790815392.597387112] [basic_navigator]: Getting path...
[INFO] [1790815392.657477689] [basic_navigator]: Getting path...
[INFO] [1790815392.754749318] [basic_navigator]: Getting path...
SmacHybrid planner failed to produce the path
One of the planners was invalid
Cycle:  94 out of:  100
Start geometry_msgs.msg.PoseStamped(header=std_msgs.msg.Header(stamp=builtin_interfaces.msg.Time(sec=1790815343, nanosec=924962279), frame_id='map'), pose=geometry_msgs.msg.Pose(position=geometry_msgs.msg.Point(x=94.3000014051795, y=55.800000831484795, z=0.0), orientation=geometry_msgs.msg.Quaternion(x=0.0, y=0.0, z=0.9489431600194995, w=0.3154471097540861)))
Goal geometry_msgs.msg.PoseStamped(header=std_msgs.msg.Header(stamp=builtin_interfaces.msg.Time(sec=1790815343, nanosec=924962279), frame_id='map'), pose=geometry_msgs.msg.Pose(position=geometry_msgs.msg.Point(x=80.45000119879842, y=74.10000110417604, z=0.0), orientation=geometry_msgs.msg.Quaternion(x=0.0, y=0.0, z=0.22147180409022915, w=0.9751667754763895)))
[INFO] [1790815393.508243591] [basic_navigator]: Getting path...
[INFO] [1790815393.539231011] [basic_navigator]: Getting path...
[INFO] [1790815393.573200929] [basic_navigator]: Getting path...
[INFO] [1790815393.589025269] [basic_navigator]: Getting path...
[INFO] [1790815393.606125337] [basic_navigator]: Getting path...
Cycle:  95 out of:  100
Start geometry_msgs.msg.PoseStamped(header=std_msgs.msg.Header(stamp=builtin_interfaces.msg.Time(sec=1790815343, nanosec=924962279), frame_id='map'), pose=geometry_msgs.msg.Pose(position=geometry_msgs.msg.Point(x=18.400000274181366, y=52.35000078007579, z=0.0), orientation=geometry_msgs.msg.Quaternion(x=-0.0, y=0.0, z=0.9683530544614508, w=-0.2495843783476412)))
Goal geometry_msgs.msg.PoseStamped(header=std_msgs.msg.Header(stamp=builtin_interfaces.msg.Time(sec=1790815343, nanosec=924962279), frame_id='map'), pose=geometry_msgs.msg.Pose(position=geometry_msgs.msg.Point(x=43.00000064074993, y=48.600000724196434, z=0.0), orientation=geometry_msgs.msg.Quaternion(x=0.0, y=0.0, z=0.7749101883932662, w=0.6320713566713119)))
[INFO] [1790815393.628579276] [basic_navigator]: Getting path...
[INFO] [1790815393.677717131] [basic_navigator]: Getting path...
[INFO] [1790815393.705435129] [basic_navigator]: Getting path...
[INFO] [1790815393.715854718] [basic_navigator]: Getting path...
[INFO] [1790815393.729927707] [basic_navigator]: Getting path...
Cycle:  96 out of:  100
Start geometry_msgs.msg.PoseStamped(header=std_msgs.msg.Header(stamp=builtin_interfaces.msg.Time(sec=1790815343, nanosec=924962279), frame_id='map'), pose=geometry_msgs.msg.Pose(position=geometry_msgs.msg.Point(x=76.95000114664435, y=57.850000862032175, z=0.0), orientation=geometry_msgs.msg.Quaternion(x=-0.0, y=0.0, z=0.2774116792284251, w=-0.9607511437555853)))
Goal geometry_msgs.msg.PoseStamped(header=std_msgs.msg.Header(stamp=builtin_interfaces.msg.Time(sec=1790815343, nanosec=924962279), frame_id='map'), pose=geometry_msgs.msg.Pose(position=geometry_msgs.msg.Point(x=71.80000106990337, y=60.8000009059906, z=0.0), orientation=geometry_msgs.msg.Quaternion(x=0.0, y=0.0, z=0.8665914925538616, w=0.49901822114354755)))
[INFO] [1790815393.747607062] [basic_navigator]: Getting path...
[INFO] [1790815393.761121448] [basic_navigator]: Getting path...
[INFO] [1790815393.768330697] [basic_navigator]: Getting path...
[INFO] [1790815393.775362192] [basic_navigator]: Getting path...
[INFO] [1790815393.781163131] [basic_navigator]: Getting path...
Cycle:  97 out of:  100
Start geometry_msgs.msg.PoseStamped(header=std_msgs.msg.Header(stamp=builtin_interfaces.msg.Time(sec=1790815343, nanosec=924962279), frame_id='map'), pose=geometry_msgs.msg.Pose(position=geometry_msgs.msg.Point(x=6.150000091642141, y=66.50000099092722, z=0.0), orientation=geometry_msgs.msg.Quaternion(x=0.0, y=0.0, z=0.022625692160978837, w=0.999744006260721)))
Goal geometry_msgs.msg.PoseStamped(header=std_msgs.msg.Header(stamp=builtin_interfaces.msg.Time(sec=1790815343, nanosec=924962279), frame_id='map'), pose=geometry_msgs.msg.Pose(position=geometry_msgs.msg.Point(x=39.7000005915761, y=74.05000110343099, z=0.0), orientation=geometry_msgs.msg.Quaternion(x=0.0, y=0.0, z=0.3057796853640608, w=0.9521022970346495)))
[INFO] [1790815393.788721564] [basic_navigator]: Getting path...
[INFO] [1790815393.832721677] [basic_navigator]: Getting path...
[INFO] [1790815393.897012444] [basic_navigator]: Getting path...
[INFO] [1790815393.909875277] [basic_navigator]: Getting path...
[INFO] [1790815393.954579107] [basic_navigator]: Getting path...
Cycle:  98 out of:  100
Start geometry_msgs.msg.PoseStamped(header=std_msgs.msg.Header(stamp=builtin_interfaces.msg.Time(sec=1790815343, nanosec=924962279), frame_id='map'), pose=geometry_msgs.msg.Pose(position=geometry_msgs.msg.Point(x=90.75000135228038, y=20.65000030770898, z=0.0), orientation=geometry_msgs.msg.Quaternion(x=0.0, y=0.0, z=0.9606298547842221, w=0.27783139148995434)))
Goal geometry_msgs.msg.PoseStamped(header=std_msgs.msg.Header(stamp=builtin_interfaces.msg.Time(sec=1790815343, nanosec=924962279), frame_id='map'), pose=geometry_msgs.msg.Pose(position=geometry_msgs.msg.Point(x=55.15000082179904, y=66.55000099167228, z=0.0), orientation=geometry_msgs.msg.Quaternion(x=0.0, y=0.0, z=0.7667055826337128, w=0.6419988703715132)))
[INFO] [1790815393.990177885] [basic_navigator]: Getting path...
[INFO] [1790815394.053264325] [basic_navigator]: Getting path...
[INFO] [1790815394.215460611] [basic_navigator]: Getting path...
[INFO] [1790815394.253977198] [basic_navigator]: Getting path...
[INFO] [1790815394.354590987] [basic_navigator]: Getting path...
Cycle:  99 out of:  100
Start geometry_msgs.msg.PoseStamped(header=std_msgs.msg.Header(stamp=builtin_interfaces.msg.Time(sec=1790815343, nanosec=924962279), frame_id='map'), pose=geometry_msgs.msg.Pose(position=geometry_msgs.msg.Point(x=25.050000373274088, y=40.300000600516796, z=0.0), orientation=geometry_msgs.msg.Quaternion(x=-0.0, y=0.0, z=0.1522620298296443, w=-0.988340161215842)))
Goal geometry_msgs.msg.PoseStamped(header=std_msgs.msg.Header(stamp=builtin_interfaces.msg.Time(sec=1790815343, nanosec=924962279), frame_id='map'), pose=geometry_msgs.msg.Pose(position=geometry_msgs.msg.Point(x=43.150000642985106, y=92.90000138431787, z=0.0), orientation=geometry_msgs.msg.Quaternion(x=-0.0, y=0.0, z=0.1983070276072897, w=-0.9801399506200947)))
[INFO] [1790815394.400184794] [basic_navigator]: Getting path...
[INFO] [1790815394.478141901] [basic_navigator]: Getting path...
[INFO] [1790815394.635400955] [basic_navigator]: Getting path...
[INFO] [1790815394.660544773] [basic_navigator]: Getting path...
[INFO] [1790815394.721107840] [basic_navigator]: Getting path...
Write Results...
Write Complete
