[INFO] [launch]: All log files can be found below /root/.ros/log/2026-10-01-00-44-51-274701-e88b612fca35-783
[INFO] [launch]: Default logging verbosity is set to INFO
[INFO] [static_transform_publisher-1]: process started with pid [792]
[INFO] [static_transform_publisher-2]: process started with pid [793]
[INFO] [map_server-3]: process started with pid [794]
[INFO] [planner_server-4]: process started with pid [795]
[INFO] [smoother_server-5]: process started with pid [796]
[INFO] [lifecycle_manager-6]: process started with pid [797]
[INFO] [rviz2-7]: process started with pid [798]
[INFO] [python3-8]: process started with pid [799]
[static_transform_publisher-2] [INFO] [1790815491.389016160] [static_transform_publisher_stK6zz0ne7Yb2NS0]: Spinning until stopped - publishing transform
[static_transform_publisher-2] translation: ('0.000000', '0.000000', '0.000000')
[static_transform_publisher-2] rotation: ('0.000000', '0.000000', '0.000000', '1.000000')
[static_transform_publisher-2] from 'base_link' to 'odom'
[planner_server-4] [INFO] [1790815491.390117313] [planner_server]: 
[planner_server-4] 	planner_server lifecycle node launched. 
[planner_server-4] 	Waiting on external lifecycle transitions to activate
[planner_server-4] 	See https://design.ros2.org/articles/node_lifecycle.html for more information.
[static_transform_publisher-1] [INFO] [1790815491.391534615] [static_transform_publisher_rg14QMzktf14MitZ]: Spinning until stopped - publishing transform
[static_transform_publisher-1] translation: ('0.000000', '0.000000', '0.000000')
[static_transform_publisher-1] rotation: ('0.000000', '0.000000', '0.000000', '1.000000')
[static_transform_publisher-1] from 'base_link' to 'map'
[planner_server-4] [INFO] [1790815491.391994562] [planner_server]: Creating
[map_server-3] [INFO] [1790815491.393819861] [map_server]: 
[map_server-3] 	map_server lifecycle node launched. 
[map_server-3] 	Waiting on external lifecycle transitions to activate
[map_server-3] 	See https://design.ros2.org/articles/node_lifecycle.html for more information.
[map_server-3] [INFO] [1790815491.393854298] [map_server]: Creating
[planner_server-4] [INFO] [1790815491.394767829] [global_costmap.global_costmap]: 
[planner_server-4] 	global_costmap lifecycle node launched. 
[planner_server-4] 	Waiting on external lifecycle transitions to activate
[planner_server-4] 	See https://design.ros2.org/articles/node_lifecycle.html for more information.
[lifecycle_manager-6] [INFO] [1790815491.395219856] [lifecycle_manager]: Creating
[planner_server-4] [INFO] [1790815491.395285426] [global_costmap.global_costmap]: Creating Costmap
[lifecycle_manager-6] [INFO] [1790815491.395761077] [lifecycle_manager]: [34m[1mCreating and initializing lifecycle publishers[0m[0m
[lifecycle_manager-6] [INFO] [1790815491.396259257] [lifecycle_manager]: [34m[1mCreating and initializing lifecycle service clients[0m[0m
[rviz2-7] QStandardPaths: XDG_RUNTIME_DIR not set, defaulting to '/tmp/runtime-root'
[smoother_server-5] [INFO] [1790815491.398567138] [smoother_server]: 
[smoother_server-5] 	smoother_server lifecycle node launched. 
[smoother_server-5] 	Waiting on external lifecycle transitions to activate
[smoother_server-5] 	See https://design.ros2.org/articles/node_lifecycle.html for more information.
[lifecycle_manager-6] [INFO] [1790815491.398640035] [lifecycle_manager]: [34m[1mCreating and initializing lifecycle service servers[0m[0m
[smoother_server-5] [INFO] [1790815491.401825901] [smoother_server]: Creating smoother server
[lifecycle_manager-6] [INFO] [1790815491.401927107] [lifecycle_manager]: [34m[1mStarting managed nodes bringup...[0m[0m
[lifecycle_manager-6] [INFO] [1790815491.401946365] [lifecycle_manager]: [34m[1mConfiguring map_server[0m[0m
[rviz2-7] [INFO] [1790815491.489015831] [rviz2]: Stereo is NOT SUPPORTED
[rviz2-7] [INFO] [1790815491.489054519] [rviz2]: OpenGl version: 4.5 (GLSL 4.5)
[rviz2-7] [INFO] [1790815491.520663925] [rviz2]: Stereo is NOT SUPPORTED
[rviz2-7] [INFO] [1790815491.574178998] [rviz]: Subscribing to: /global_costmap/voxel_marked_cloud
[rviz2-7] 
[rviz2-7] [INFO] [1790815491.576781041] [rviz]: Subscribing to: /local_costmap/voxel_marked_cloud
[rviz2-7] 
[map_server-3] [INFO] [1790815491.578125786] [map_server]: Configuring
[map_server-3] [INFO] [1790815491.578232056] [map_io]: Loading yaml file: /work/maps/smoothers_world.yaml
[map_server-3] [INFO] [1790815491.578400590] [map_io]: resolution: 0.05
[map_server-3] [INFO] [1790815491.578405561] [map_io]: origin[0]: 0
[map_server-3] [INFO] [1790815491.578407517] [map_io]: origin[1]: 0
[map_server-3] [INFO] [1790815491.578409164] [map_io]: origin[2]: 0
[map_server-3] [INFO] [1790815491.578411153] [map_io]: free_thresh: 0.196
[map_server-3] [INFO] [1790815491.578412992] [map_io]: occupied_thresh: 0.65
[map_server-3] [INFO] [1790815491.578415381] [map_io]: mode: trinary
[map_server-3] [INFO] [1790815491.578417462] [map_io]: negate: 0
[map_server-3] [INFO] [1790815491.578518483] [map_io]: Loading image_file: /work/maps/smoothers_world.pgm
[rviz2-7] [INFO] [1790815491.579312354] [rviz]: Subscribing to: /mobile_base/sensors/bumper_pointcloud
[rviz2-7] 
[map_server-3] [INFO] [1790815491.579477770] [map_io]: Read map /work/maps/smoothers_world.pgm: 300 X 300 map @ 0.05 m/cell
[rviz2-7] [INFO] [1790815491.579604951] [rviz]: Subscribing to: /mobile_base/sensors/bumper_pointcloud
[rviz2-7] 
[lifecycle_manager-6] [INFO] [1790815491.584027153] [lifecycle_manager]: [34m[1mConfiguring planner_server[0m[0m
[planner_server-4] [INFO] [1790815491.584207924] [planner_server]: Configuring
[planner_server-4] [INFO] [1790815491.584241945] [global_costmap.global_costmap]: Configuring
[planner_server-4] [INFO] [1790815491.589242749] [global_costmap.global_costmap]: Using plugin "static_layer"
[rviz2-7] [INFO] [1790815491.591802435] [rviz]: Subscribing to: /global_costmap/voxel_marked_cloud
[rviz2-7] 
[planner_server-4] [INFO] [1790815491.593803355] [global_costmap.global_costmap]: Subscribing to the map topic (/map) with transient local durability
[rviz2-7] [INFO] [1790815491.593914424] [rviz]: Subscribing to: /local_costmap/voxel_marked_cloud
[rviz2-7] 
[rviz2-7] [INFO] [1790815491.594585782] [rviz]: Subscribing to: /mobile_base/sensors/bumper_pointcloud
[rviz2-7] 
[planner_server-4] [INFO] [1790815491.595177215] [global_costmap.global_costmap]: Initialized plugin "static_layer"
[planner_server-4] [INFO] [1790815491.595189878] [global_costmap.global_costmap]: Using plugin "obstacle_layer"
[planner_server-4] [INFO] [1790815491.595418605] [global_costmap.global_costmap]: Subscribed to Topics: scan
[planner_server-4] [INFO] [1790815491.597467045] [global_costmap.global_costmap]: Initialized plugin "obstacle_layer"
[planner_server-4] [INFO] [1790815491.597479769] [global_costmap.global_costmap]: Using plugin "inflation_layer"
[planner_server-4] [INFO] [1790815491.597738523] [global_costmap.global_costmap]: Initialized plugin "inflation_layer"
[planner_server-4] [INFO] [1790815491.597747208] [global_costmap.global_costmap]: Using costmap filter "keepout_filter"
[planner_server-4] [INFO] [1790815491.601501294] [global_costmap.global_costmap]: Initialized costmap filter "keepout_filter"
[planner_server-4] [INFO] [1790815491.601513948] [global_costmap.global_costmap]: Using costmap filter "speed_filter"
[planner_server-4] [INFO] [1790815491.601953693] [global_costmap.global_costmap]: Initialized costmap filter "speed_filter"
[python3-8] Waiting for planner and smoother servers to activate
[planner_server-4] [INFO] [1790815491.619442941] [planner_server]: Created global planner plugin SmacHybrid of type nav2_smac_planner::SmacPlannerHybrid
[planner_server-4] [INFO] [1790815491.619465725] [planner_server]: Configuring SmacHybrid of type SmacPlannerHybrid
[planner_server-4] [INFO] [1790815491.619824613] [planner_server]: Even sized heuristic lookup table size set 400.000000, increasing size by 1 to make odd
[rviz2-7] [INFO] [1790815491.620728802] [nav2_rviz_selector_node]: Trying to load plugins...
[planner_server-4] [INFO] [1790815492.406132987] [planner_server]: Configured plugin SmacHybrid of type SmacPlannerHybrid with maximum iterations 1000000, max on approach iterations 1000, and allowing unknown traversal. Tolerance 0.50.Using motion model: Dubin.
[planner_server-4] [INFO] [1790815492.406158932] [planner_server]: Planner Server has SmacHybrid  planners available.
[lifecycle_manager-6] [INFO] [1790815492.409272316] [lifecycle_manager]: [34m[1mConfiguring smoother_server[0m[0m
[smoother_server-5] [INFO] [1790815492.409436911] [smoother_server]: Configuring smoother server
[smoother_server-5] [INFO] [1790815492.417382032] [smoother_server]: Created smoother : simple_smoother of type nav2_smoother::SimpleSmoother
[smoother_server-5] [INFO] [1790815492.420618974] [smoother_server]: Created smoother : constrained_smoother of type nav2_constrained_smoother/ConstrainedSmoother
[smoother_server-5] [INFO] [1790815492.421149475] [smoother_server]: Created smoother : sg_smoother of type nav2_smoother::SavitzkyGolaySmoother
[smoother_server-5] [INFO] [1790815492.421242432] [smoother_server]: Smoother Server has simple_smoother constrained_smoother sg_smoother  smoothers available.
[lifecycle_manager-6] [INFO] [1790815492.423290872] [lifecycle_manager]: [34m[1mActivating map_server[0m[0m
[map_server-3] [INFO] [1790815492.423355363] [map_server]: Activating
[map_server-3] [INFO] [1790815492.423512833] [map_server]: Creating bond (map_server) to lifecycle manager.
[planner_server-4] [INFO] [1790815492.423701426] [global_costmap.global_costmap]: StaticLayer: Resizing costmap to 300 X 300 at 0.050000 m/pix
[rviz2-7] [INFO] [1790815492.445651276] [rviz2]: Trying to create a map of size 300 x 300 using 1 swatches
[rviz2-7] [ERROR] [1790815492.482477910] [rviz2]: rviz/glsl120/indexed_8bit_image.vert
[rviz2-7] rviz/glsl120/indexed_8bit_image.frag
[rviz2-7]  GLSL link result : 
[rviz2-7] active samplers with a different type refer to the same texture image unit
[rviz2-7] [INFO] [1790815492.623358473] [nav2_rviz_selector_node]: controller_server service not available
[lifecycle_manager-6] [INFO] [1790815492.675118839] [lifecycle_manager]: Server map_server connected with bond.
[lifecycle_manager-6] [INFO] [1790815492.675208861] [lifecycle_manager]: [34m[1mActivating planner_server[0m[0m
[planner_server-4] [INFO] [1790815492.675758139] [planner_server]: Activating
[planner_server-4] [INFO] [1790815492.675829471] [global_costmap.global_costmap]: Activating
[planner_server-4] [INFO] [1790815492.675839158] [global_costmap.global_costmap]: Checking transform
[planner_server-4] [INFO] [1790815492.676060642] [global_costmap.global_costmap]: start
[planner_server-4] [INFO] [1790815492.677158810] [global_costmap.global_costmap]: KeepoutFilter: Subscribing to "/keepout_costmap_filter_info" topic for filter info...
[planner_server-4] [INFO] [1790815492.679568728] [global_costmap.global_costmap]: SpeedFilter: Subscribing to "/speed_costmap_filter_info" topic for filter info...
[rviz2-7] [INFO] [1790815493.647722383] [nav2_rviz_selector_node]: controller_server service not available
[planner_server-4] [INFO] [1790815493.681940507] [planner_server]: Activating plugin SmacHybrid of type SmacPlannerHybrid
[planner_server-4] [INFO] [1790815493.683679293] [planner_server]: Creating bond (planner_server) to lifecycle manager.
[rviz2-7] [INFO] [1790815493.694231414] [rviz2]: Trying to create a map of size 300 x 300 using 1 swatches
[lifecycle_manager-6] [INFO] [1790815493.938527793] [lifecycle_manager]: Server planner_server connected with bond.
[lifecycle_manager-6] [INFO] [1790815493.938600287] [lifecycle_manager]: [34m[1mActivating smoother_server[0m[0m
[smoother_server-5] [INFO] [1790815493.939023701] [smoother_server]: Activating
[smoother_server-5] [INFO] [1790815493.939082842] [smoother_server]: Activating smoother: constrained_smoother of type nav2_constrained_smoother::ConstrainedSmoother
[smoother_server-5] [INFO] [1790815493.939098611] [smoother_server]: Creating bond (smoother_server) to lifecycle manager.
[lifecycle_manager-6] [INFO] [1790815494.195103824] [lifecycle_manager]: Server smoother_server connected with bond.
[lifecycle_manager-6] [INFO] [1790815494.195194357] [lifecycle_manager]: [34m[1mManaged nodes are active[0m[0m
[lifecycle_manager-6] [INFO] [1790815494.195222508] [lifecycle_manager]: [34m[1mCreating bond timer...[0m[0m
[rviz2-7] [INFO] [1790815494.671242080] [nav2_rviz_selector_node]: controller_server service not available
[rviz2-7] [INFO] [1790815495.682141603] [nav2_rviz_selector_node]: controller_server service not available
[rviz2-7] [INFO] [1790815495.689388891] [nav2_rviz_selector_node]: Failed to load plugins. Retrying...
[rviz2-7] [INFO] [1790815496.620815504] [nav2_rviz_selector_node]: Trying to load plugins...
[rviz2-7] [INFO] [1790815497.625838109] [nav2_rviz_selector_node]: controller_server service not available
[rviz2-7] [INFO] [1790815498.639179286] [nav2_rviz_selector_node]: controller_server service not available
[python3-8] [INFO] [1790815498.647763776] [basic_navigator]: Nav2 is ready for use!
[python3-8] Cycle:  0 out of:  100
[python3-8] Start geometry_msgs.msg.PoseStamped(header=std_msgs.msg.Header(stamp=builtin_interfaces.msg.Time(sec=1790815498, nanosec=648624723), frame_id='map'), pose=geometry_msgs.msg.Pose(position=geometry_msgs.msg.Point(x=6.45000009611249, y=4.750000070780516, z=0.0), orientation=geometry_msgs.msg.Quaternion(x=-0.0, y=0.0, z=0.5437503059572371, w=-0.8392470463286785)))
[python3-8] Goal geometry_msgs.msg.PoseStamped(header=std_msgs.msg.Header(stamp=builtin_interfaces.msg.Time(sec=1790815498, nanosec=648624723), frame_id='map'), pose=geometry_msgs.msg.Pose(position=geometry_msgs.msg.Point(x=12.750000189989805, y=7.550000112503767, z=0.0), orientation=geometry_msgs.msg.Quaternion(x=-0.0, y=0.0, z=0.8883385428348813, w=-0.45918910408893593)))
[python3-8] [INFO] [1790815498.649077693] [basic_navigator]: Getting path...
[planner_server-4] [INFO] [1790815498.649611102] [planner_server]: Computing path to goal.
[planner_server-4] [INFO] [1790815498.649669915] [planner_server]: Even sized heuristic lookup table size set 400.000000, increasing size by 1 to make odd
[planner_server-4] [WARN] [1790815499.472551281] [planner_server]: Planner loop missed its desired rate of 20.0000 Hz. Current loop rate is 1.2152 Hz
[python3-8] [INFO] [1790815499.474045932] [basic_navigator]: Smoothing path...
[smoother_server-5] [INFO] [1790815499.474982737] [smoother_server]: Received a path to smooth.
[python3-8] [INFO] [1790815499.476443266] [basic_navigator]: Smoothing path...
[smoother_server-5] [INFO] [1790815499.477006342] [smoother_server]: Received a path to smooth.
[python3-8] [INFO] [1790815499.479597131] [basic_navigator]: Smoothing path...
[smoother_server-5] [INFO] [1790815499.480089424] [smoother_server]: Received a path to smooth.
[python3-8] Cycle:  1 out of:  100
[python3-8] Start geometry_msgs.msg.PoseStamped(header=std_msgs.msg.Header(stamp=builtin_interfaces.msg.Time(sec=1790815498, nanosec=648624723), frame_id='map'), pose=geometry_msgs.msg.Pose(position=geometry_msgs.msg.Point(x=14.000000208616257, y=14.100000210106373, z=0.0), orientation=geometry_msgs.msg.Quaternion(x=0.0, y=0.0, z=0.5529882322895421, w=0.8331890631479073)))
[python3-8] Goal geometry_msgs.msg.PoseStamped(header=std_msgs.msg.Header(stamp=builtin_interfaces.msg.Time(sec=1790815498, nanosec=648624723), frame_id='map'), pose=geometry_msgs.msg.Pose(position=geometry_msgs.msg.Point(x=8.700000129640102, y=13.350000198930502, z=0.0), orientation=geometry_msgs.msg.Quaternion(x=-0.0, y=0.0, z=0.10599275217363893, w=-0.9943669023487546)))
[python3-8] [INFO] [1790815499.481305294] [basic_navigator]: Getting path...
[planner_server-4] [INFO] [1790815499.481738784] [planner_server]: Computing path to goal.
[planner_server-4] [WARN] [1790815499.483855498] [planner_server]: SmacHybridplugin failed to plan from (14.00, 14.10) [q: 0.00, 0.00, 0.55, 0.83] (yaw: 1.17) to (8.70, 13.35) [q: -0.00, 0.00, 0.11, -0.99] (yaw: -0.21): "no valid path found"
[planner_server-4] [WARN] [1790815499.483876313] [planner_server]: [compute_path_to_pose] [ActionServer] Aborting handle. error_code:208, error_msg:'SmacHybridplugin failed to plan from (14.00, 14.10) [q: 0.00, 0.00, 0.55, 0.83] (yaw: 1.17) to (8.70, 13.35) [q: -0.00, 0.00, 0.11, -0.99] (yaw: -0.21): "no valid path found"'.
[python3-8] SmacHybrid planner failed to produce the path
[python3-8] Cycle:  1 out of:  100
[python3-8] Start geometry_msgs.msg.PoseStamped(header=std_msgs.msg.Header(stamp=builtin_interfaces.msg.Time(sec=1790815498, nanosec=648624723), frame_id='map'), pose=geometry_msgs.msg.Pose(position=geometry_msgs.msg.Point(x=7.700000114738941, y=11.85000017657876, z=0.0), orientation=geometry_msgs.msg.Quaternion(x=-0.0, y=0.0, z=0.17638027865037864, w=-0.9843221003834135)))
[python3-8] Goal geometry_msgs.msg.PoseStamped(header=std_msgs.msg.Header(stamp=builtin_interfaces.msg.Time(sec=1790815498, nanosec=648624723), frame_id='map'), pose=geometry_msgs.msg.Pose(position=geometry_msgs.msg.Point(x=8.200000122189522, y=2.3000000342726707, z=0.0), orientation=geometry_msgs.msg.Quaternion(x=0.0, y=0.0, z=0.9635299083634263, w=0.26760066459029425)))
[python3-8] [INFO] [1790815499.484370601] [basic_navigator]: Getting path...
[planner_server-4] [INFO] [1790815499.484721492] [planner_server]: Computing path to goal.
[rviz2-7] [INFO] [1790815499.645392912] [nav2_rviz_selector_node]: controller_server service not available
[planner_server-4] [WARN] [1790815499.751582505] [planner_server]: Planner loop missed its desired rate of 20.0000 Hz. Current loop rate is 3.7473 Hz
[python3-8] [INFO] [1790815499.753532506] [basic_navigator]: Smoothing path...
[smoother_server-5] [INFO] [1790815499.754351886] [smoother_server]: Received a path to smooth.
[python3-8] [INFO] [1790815499.756256012] [basic_navigator]: Smoothing path...
[smoother_server-5] [INFO] [1790815499.756907425] [smoother_server]: Received a path to smooth.
[python3-8] [INFO] [1790815499.771097271] [basic_navigator]: Smoothing path...
[smoother_server-5] [INFO] [1790815499.771657365] [smoother_server]: Received a path to smooth.
[python3-8] Cycle:  2 out of:  100
[python3-8] Start geometry_msgs.msg.PoseStamped(header=std_msgs.msg.Header(stamp=builtin_interfaces.msg.Time(sec=1790815498, nanosec=648624723), frame_id='map'), pose=geometry_msgs.msg.Pose(position=geometry_msgs.msg.Point(x=13.200000196695328, y=13.750000204890966, z=0.0), orientation=geometry_msgs.msg.Quaternion(x=-0.0, y=0.0, z=0.3124335396882418, w=-0.9499396208590711)))
[python3-8] Goal geometry_msgs.msg.PoseStamped(header=std_msgs.msg.Header(stamp=builtin_interfaces.msg.Time(sec=1790815498, nanosec=648624723), frame_id='map'), pose=geometry_msgs.msg.Pose(position=geometry_msgs.msg.Point(x=6.750000100582838, y=8.650000128895044, z=0.0), orientation=geometry_msgs.msg.Quaternion(x=0.0, y=0.0, z=0.36009964953389606, w=0.9329138451140948)))
[python3-8] [INFO] [1790815499.773540783] [basic_navigator]: Getting path...
[planner_server-4] [INFO] [1790815499.773795926] [planner_server]: Computing path to goal.
[planner_server-4] [WARN] [1790815500.565517997] [planner_server]: SmacHybridplugin failed to plan from (13.20, 13.75) [q: -0.00, 0.00, 0.31, -0.95] (yaw: -0.64) to (6.75, 8.65) [q: 0.00, 0.00, 0.36, 0.93] (yaw: 0.74): "exceeded maximum iterations"
[planner_server-4] [WARN] [1790815500.565562832] [planner_server]: [compute_path_to_pose] [ActionServer] Aborting handle. error_code:207, error_msg:'SmacHybridplugin failed to plan from (13.20, 13.75) [q: -0.00, 0.00, 0.31, -0.95] (yaw: -0.64) to (6.75, 8.65) [q: 0.00, 0.00, 0.36, 0.93] (yaw: 0.74): "exceeded maximum iterations"'.
[python3-8] SmacHybrid planner failed to produce the path
[python3-8] Cycle:  2 out of:  100
[python3-8] Start geometry_msgs.msg.PoseStamped(header=std_msgs.msg.Header(stamp=builtin_interfaces.msg.Time(sec=1790815498, nanosec=648624723), frame_id='map'), pose=geometry_msgs.msg.Pose(position=geometry_msgs.msg.Point(x=8.650000128895044, y=1.9000000283122063, z=0.0), orientation=geometry_msgs.msg.Quaternion(x=-0.0, y=0.0, z=0.06272021716712206, w=-0.9980311489921089)))
[python3-8] Goal geometry_msgs.msg.PoseStamped(header=std_msgs.msg.Header(stamp=builtin_interfaces.msg.Time(sec=1790815498, nanosec=648624723), frame_id='map'), pose=geometry_msgs.msg.Pose(position=geometry_msgs.msg.Point(x=13.600000202655792, y=6.70000009983778, z=0.0), orientation=geometry_msgs.msg.Quaternion(x=0.0, y=0.0, z=0.7557056638868527, w=0.654911405893447)))
[python3-8] [INFO] [1790815500.566366191] [basic_navigator]: Getting path...
[planner_server-4] [INFO] [1790815500.566942230] [planner_server]: Computing path to goal.
[rviz2-7] [INFO] [1790815500.648945004] [nav2_rviz_selector_node]: controller_server service not available
[rviz2-7] [INFO] [1790815500.650556354] [nav2_rviz_selector_node]: Failed to load plugins. Retrying...
[planner_server-4] [WARN] [1790815500.780110439] [planner_server]: Planner loop missed its desired rate of 20.0000 Hz. Current loop rate is 4.6911 Hz
[python3-8] [INFO] [1790815500.782172709] [basic_navigator]: Smoothing path...
[smoother_server-5] [INFO] [1790815500.782906137] [smoother_server]: Received a path to smooth.
[python3-8] [INFO] [1790815500.785287957] [basic_navigator]: Smoothing path...
[smoother_server-5] [INFO] [1790815500.785814309] [smoother_server]: Received a path to smooth.
[python3-8] [INFO] [1790815500.804497447] [basic_navigator]: Smoothing path...
[smoother_server-5] [INFO] [1790815500.805140344] [smoother_server]: Received a path to smooth.
[python3-8] Cycle:  3 out of:  100
[python3-8] Start geometry_msgs.msg.PoseStamped(header=std_msgs.msg.Header(stamp=builtin_interfaces.msg.Time(sec=1790815498, nanosec=648624723), frame_id='map'), pose=geometry_msgs.msg.Pose(position=geometry_msgs.msg.Point(x=9.55000014230609, y=0.6500000096857548, z=0.0), orientation=geometry_msgs.msg.Quaternion(x=-0.0, y=0.0, z=0.9969948205884043, w=-0.0774682368451449)))
[python3-8] Goal geometry_msgs.msg.PoseStamped(header=std_msgs.msg.Header(stamp=builtin_interfaces.msg.Time(sec=1790815498, nanosec=648624723), frame_id='map'), pose=geometry_msgs.msg.Pose(position=geometry_msgs.msg.Point(x=10.55000015720725, y=8.25000012293458, z=0.0), orientation=geometry_msgs.msg.Quaternion(x=0.0, y=0.0, z=0.9398574186615697, w=0.3415670250284867)))
[python3-8] [INFO] [1790815500.807003650] [basic_navigator]: Getting path...
[planner_server-4] [INFO] [1790815500.807394698] [planner_server]: Computing path to goal.
[python3-8] [INFO] [1790815500.823300430] [basic_navigator]: Smoothing path...
[smoother_server-5] [INFO] [1790815500.823766659] [smoother_server]: Received a path to smooth.
[python3-8] [INFO] [1790815500.825602369] [basic_navigator]: Smoothing path...
[smoother_server-5] [INFO] [1790815500.826097564] [smoother_server]: Received a path to smooth.
[python3-8] [INFO] [1790815500.842718065] [basic_navigator]: Smoothing path...
[smoother_server-5] [INFO] [1790815500.843641606] [smoother_server]: Received a path to smooth.
[python3-8] Cycle:  4 out of:  100
[python3-8] Start geometry_msgs.msg.PoseStamped(header=std_msgs.msg.Header(stamp=builtin_interfaces.msg.Time(sec=1790815498, nanosec=648624723), frame_id='map'), pose=geometry_msgs.msg.Pose(position=geometry_msgs.msg.Point(x=1.3000000193715096, y=3.300000049173832, z=0.0), orientation=geometry_msgs.msg.Quaternion(x=0.0, y=0.0, z=0.9108574704548249, w=0.4127210541232877)))
[python3-8] Goal geometry_msgs.msg.PoseStamped(header=std_msgs.msg.Header(stamp=builtin_interfaces.msg.Time(sec=1790815498, nanosec=648624723), frame_id='map'), pose=geometry_msgs.msg.Pose(position=geometry_msgs.msg.Point(x=10.400000154972076, y=5.4000000804662704, z=0.0), orientation=geometry_msgs.msg.Quaternion(x=0.0, y=0.0, z=0.9912245567134914, w=0.13218879743814324)))
[python3-8] [INFO] [1790815500.846624462] [basic_navigator]: Getting path...
[planner_server-4] [INFO] [1790815500.847033225] [planner_server]: Computing path to goal.
[planner_server-4] [WARN] [1790815500.903941579] [planner_server]: Planner loop missed its desired rate of 20.0000 Hz. Current loop rate is 17.5717 Hz
[python3-8] [INFO] [1790815500.905649651] [basic_navigator]: Smoothing path...
[smoother_server-5] [INFO] [1790815500.906276651] [smoother_server]: Received a path to smooth.
[python3-8] [INFO] [1790815500.907926124] [basic_navigator]: Smoothing path...
[smoother_server-5] [INFO] [1790815500.908285135] [smoother_server]: Received a path to smooth.
[python3-8] [INFO] [1790815500.911298718] [basic_navigator]: Smoothing path...
[smoother_server-5] [INFO] [1790815500.911718115] [smoother_server]: Received a path to smooth.
[python3-8] Cycle:  5 out of:  100
[python3-8] Start geometry_msgs.msg.PoseStamped(header=std_msgs.msg.Header(stamp=builtin_interfaces.msg.Time(sec=1790815498, nanosec=648624723), frame_id='map'), pose=geometry_msgs.msg.Pose(position=geometry_msgs.msg.Point(x=9.650000143796206, y=12.600000187754631, z=0.0), orientation=geometry_msgs.msg.Quaternion(x=-0.0, y=0.0, z=0.9606178106676362, w=-0.2778730318474923)))
[python3-8] Goal geometry_msgs.msg.PoseStamped(header=std_msgs.msg.Header(stamp=builtin_interfaces.msg.Time(sec=1790815498, nanosec=648624723), frame_id='map'), pose=geometry_msgs.msg.Pose(position=geometry_msgs.msg.Point(x=2.2500000335276127, y=12.90000019222498, z=0.0), orientation=geometry_msgs.msg.Quaternion(x=0.0, y=0.0, z=0.0304566022488023, w=0.9995360900835238)))
[python3-8] [INFO] [1790815500.913403274] [basic_navigator]: Getting path...
[planner_server-4] [INFO] [1790815500.913795287] [planner_server]: Computing path to goal.
[planner_server-4] [WARN] [1790815501.320193653] [planner_server]: Planner loop missed its desired rate of 20.0000 Hz. Current loop rate is 2.4606 Hz
[python3-8] [INFO] [1790815501.321736972] [basic_navigator]: Smoothing path...
[smoother_server-5] [INFO] [1790815501.322247279] [smoother_server]: Received a path to smooth.
[python3-8] [INFO] [1790815501.323818164] [basic_navigator]: Smoothing path...
[smoother_server-5] [INFO] [1790815501.324243659] [smoother_server]: Received a path to smooth.
[python3-8] [INFO] [1790815501.327980502] [basic_navigator]: Smoothing path...
[smoother_server-5] [INFO] [1790815501.328299620] [smoother_server]: Received a path to smooth.
[python3-8] Cycle:  6 out of:  100
[python3-8] Start geometry_msgs.msg.PoseStamped(header=std_msgs.msg.Header(stamp=builtin_interfaces.msg.Time(sec=1790815498, nanosec=648624723), frame_id='map'), pose=geometry_msgs.msg.Pose(position=geometry_msgs.msg.Point(x=10.200000151991844, y=10.200000151991844, z=0.0), orientation=geometry_msgs.msg.Quaternion(x=-0.0, y=0.0, z=0.6893884717905276, w=-0.7243918380008991)))
[python3-8] Goal geometry_msgs.msg.PoseStamped(header=std_msgs.msg.Header(stamp=builtin_interfaces.msg.Time(sec=1790815498, nanosec=648624723), frame_id='map'), pose=geometry_msgs.msg.Pose(position=geometry_msgs.msg.Point(x=0.850000012665987, y=6.70000009983778, z=0.0), orientation=geometry_msgs.msg.Quaternion(x=-0.0, y=0.0, z=0.19686038379286433, w=-0.980431532180053)))
[python3-8] [INFO] [1790815501.329811686] [basic_navigator]: Getting path...
[planner_server-4] [INFO] [1790815501.330068473] [planner_server]: Computing path to goal.
[rviz2-7] [INFO] [1790815501.620851538] [nav2_rviz_selector_node]: Trying to load plugins...
[planner_server-4] [WARN] [1790815501.956567979] [planner_server]: Planner loop missed its desired rate of 20.0000 Hz. Current loop rate is 1.5962 Hz
[python3-8] [INFO] [1790815501.959026922] [basic_navigator]: Smoothing path...
[smoother_server-5] [INFO] [1790815501.959754583] [smoother_server]: Received a path to smooth.
[python3-8] [INFO] [1790815501.961956208] [basic_navigator]: Smoothing path...
[smoother_server-5] [INFO] [1790815501.962422183] [smoother_server]: Received a path to smooth.
[python3-8] [INFO] [1790815501.980479892] [basic_navigator]: Smoothing path...
[smoother_server-5] [INFO] [1790815501.981011713] [smoother_server]: Received a path to smooth.
[python3-8] Cycle:  7 out of:  100
[python3-8] Start geometry_msgs.msg.PoseStamped(header=std_msgs.msg.Header(stamp=builtin_interfaces.msg.Time(sec=1790815498, nanosec=648624723), frame_id='map'), pose=geometry_msgs.msg.Pose(position=geometry_msgs.msg.Point(x=8.550000127404928, y=11.85000017657876, z=0.0), orientation=geometry_msgs.msg.Quaternion(x=-0.0, y=0.0, z=0.38955047812045956, w=-0.9210051167046367)))
[python3-8] Goal geometry_msgs.msg.PoseStamped(header=std_msgs.msg.Header(stamp=builtin_interfaces.msg.Time(sec=1790815498, nanosec=648624723), frame_id='map'), pose=geometry_msgs.msg.Pose(position=geometry_msgs.msg.Point(x=13.15000019595027, y=4.6500000692903996, z=0.0), orientation=geometry_msgs.msg.Quaternion(x=-0.0, y=0.0, z=0.7514261407869176, w=-0.6598172132811325)))
[python3-8] [INFO] [1790815501.983243503] [basic_navigator]: Getting path...
[planner_server-4] [INFO] [1790815501.983512357] [planner_server]: Computing path to goal.
[python3-8] [INFO] [1790815501.995019763] [basic_navigator]: Smoothing path...
[smoother_server-5] [INFO] [1790815501.995576944] [smoother_server]: Received a path to smooth.
[python3-8] [INFO] [1790815501.997035429] [basic_navigator]: Smoothing path...
[smoother_server-5] [INFO] [1790815501.997414882] [smoother_server]: Received a path to smooth.
[python3-8] [INFO] [1790815502.000302084] [basic_navigator]: Smoothing path...
[smoother_server-5] [INFO] [1790815502.000643930] [smoother_server]: Received a path to smooth.
[python3-8] Cycle:  8 out of:  100
[python3-8] Start geometry_msgs.msg.PoseStamped(header=std_msgs.msg.Header(stamp=builtin_interfaces.msg.Time(sec=1790815498, nanosec=648624723), frame_id='map'), pose=geometry_msgs.msg.Pose(position=geometry_msgs.msg.Point(x=7.700000114738941, y=2.7000000402331352, z=0.0), orientation=geometry_msgs.msg.Quaternion(x=0.0, y=0.0, z=0.9931380790387274, w=0.1169476633510324)))
[python3-8] Goal geometry_msgs.msg.PoseStamped(header=std_msgs.msg.Header(stamp=builtin_interfaces.msg.Time(sec=1790815498, nanosec=648624723), frame_id='map'), pose=geometry_msgs.msg.Pose(position=geometry_msgs.msg.Point(x=13.450000200420618, y=11.300000168383121, z=0.0), orientation=geometry_msgs.msg.Quaternion(x=0.0, y=0.0, z=0.9570659140140133, w=0.2898703783288682)))
[python3-8] [INFO] [1790815502.002167131] [basic_navigator]: Getting path...
[planner_server-4] [INFO] [1790815502.002371055] [planner_server]: Computing path to goal.
[rviz2-7] [INFO] [1790815502.623475161] [nav2_rviz_selector_node]: controller_server service not available
[planner_server-4] [WARN] [1790815502.826921818] [planner_server]: SmacHybridplugin failed to plan from (7.70, 2.70) [q: 0.00, 0.00, 0.99, 0.12] (yaw: 2.91) to (13.45, 11.30) [q: 0.00, 0.00, 0.96, 0.29] (yaw: 2.55): "exceeded maximum iterations"
[planner_server-4] [WARN] [1790815502.826968563] [planner_server]: [compute_path_to_pose] [ActionServer] Aborting handle. error_code:207, error_msg:'SmacHybridplugin failed to plan from (7.70, 2.70) [q: 0.00, 0.00, 0.99, 0.12] (yaw: 2.91) to (13.45, 11.30) [q: 0.00, 0.00, 0.96, 0.29] (yaw: 2.55): "exceeded maximum iterations"'.
[python3-8] SmacHybrid planner failed to produce the path
[python3-8] Cycle:  8 out of:  100
[python3-8] Start geometry_msgs.msg.PoseStamped(header=std_msgs.msg.Header(stamp=builtin_interfaces.msg.Time(sec=1790815498, nanosec=648624723), frame_id='map'), pose=geometry_msgs.msg.Pose(position=geometry_msgs.msg.Point(x=1.0000000149011612, y=10.400000154972076, z=0.0), orientation=geometry_msgs.msg.Quaternion(x=-0.0, y=0.0, z=0.686733793216796, w=-0.7269090020450091)))
[python3-8] Goal geometry_msgs.msg.PoseStamped(header=std_msgs.msg.Header(stamp=builtin_interfaces.msg.Time(sec=1790815498, nanosec=648624723), frame_id='map'), pose=geometry_msgs.msg.Pose(position=geometry_msgs.msg.Point(x=8.650000128895044, y=5.200000077486038, z=0.0), orientation=geometry_msgs.msg.Quaternion(x=-0.0, y=0.0, z=0.9274231188605565, w=-0.3740138481432982)))
[python3-8] [INFO] [1790815502.827801996] [basic_navigator]: Getting path...
[planner_server-4] [INFO] [1790815502.828273259] [planner_server]: Computing path to goal.
[python3-8] [INFO] [1790815502.863664420] [basic_navigator]: Smoothing path...
[smoother_server-5] [INFO] [1790815502.864251624] [smoother_server]: Received a path to smooth.
[python3-8] [INFO] [1790815502.866076493] [basic_navigator]: Smoothing path...
[smoother_server-5] [INFO] [1790815502.866657808] [smoother_server]: Received a path to smooth.
[python3-8] [INFO] [1790815502.881327611] [basic_navigator]: Smoothing path...
[smoother_server-5] [INFO] [1790815502.881991821] [smoother_server]: Received a path to smooth.
[python3-8] Cycle:  9 out of:  100
[python3-8] Start geometry_msgs.msg.PoseStamped(header=std_msgs.msg.Header(stamp=builtin_interfaces.msg.Time(sec=1790815498, nanosec=648624723), frame_id='map'), pose=geometry_msgs.msg.Pose(position=geometry_msgs.msg.Point(x=4.90000007301569, y=7.800000116229057, z=0.0), orientation=geometry_msgs.msg.Quaternion(x=-0.0, y=0.0, z=0.6830328597606222, w=-0.7303876453550033)))
[python3-8] Goal geometry_msgs.msg.PoseStamped(header=std_msgs.msg.Header(stamp=builtin_interfaces.msg.Time(sec=1790815498, nanosec=648624723), frame_id='map'), pose=geometry_msgs.msg.Pose(position=geometry_msgs.msg.Point(x=11.450000170618296, y=9.55000014230609, z=0.0), orientation=geometry_msgs.msg.Quaternion(x=0.0, y=0.0, z=0.9785610230930447, w=0.20595709282055233)))
[python3-8] [INFO] [1790815502.884169132] [basic_navigator]: Getting path...
[planner_server-4] [INFO] [1790815502.884533414] [planner_server]: Computing path to goal.
[python3-8] [INFO] [1790815502.902688131] [basic_navigator]: Smoothing path...
[smoother_server-5] [INFO] [1790815502.903061608] [smoother_server]: Received a path to smooth.
[python3-8] [INFO] [1790815502.904800793] [basic_navigator]: Smoothing path...
[smoother_server-5] [INFO] [1790815502.905143959] [smoother_server]: Received a path to smooth.
[python3-8] [INFO] [1790815502.918626426] [basic_navigator]: Smoothing path...
[smoother_server-5] [INFO] [1790815502.919394998] [smoother_server]: Received a path to smooth.
[python3-8] Cycle:  10 out of:  100
[python3-8] Start geometry_msgs.msg.PoseStamped(header=std_msgs.msg.Header(stamp=builtin_interfaces.msg.Time(sec=1790815498, nanosec=648624723), frame_id='map'), pose=geometry_msgs.msg.Pose(position=geometry_msgs.msg.Point(x=9.900000147521496, y=9.050000134855509, z=0.0), orientation=geometry_msgs.msg.Quaternion(x=-0.0, y=0.0, z=0.7060215455387615, w=-0.7081903538139012)))
[python3-8] Goal geometry_msgs.msg.PoseStamped(header=std_msgs.msg.Header(stamp=builtin_interfaces.msg.Time(sec=1790815498, nanosec=648624723), frame_id='map'), pose=geometry_msgs.msg.Pose(position=geometry_msgs.msg.Point(x=1.3500000201165676, y=13.550000201910734, z=0.0), orientation=geometry_msgs.msg.Quaternion(x=-0.0, y=0.0, z=0.45325158005108707, w=-0.8913826367958897)))
[python3-8] [INFO] [1790815502.923145224] [basic_navigator]: Getting path...
[planner_server-4] [INFO] [1790815502.923624792] [planner_server]: Computing path to goal.
[rviz2-7] [INFO] [1790815503.626760846] [nav2_rviz_selector_node]: controller_server service not available
[planner_server-4] [WARN] [1790815503.710790245] [planner_server]: SmacHybridplugin failed to plan from (9.90, 9.05) [q: -0.00, 0.00, 0.71, -0.71] (yaw: -1.57) to (1.35, 13.55) [q: -0.00, 0.00, 0.45, -0.89] (yaw: -0.94): "exceeded maximum iterations"
[planner_server-4] [WARN] [1790815503.710829112] [planner_server]: [compute_path_to_pose] [ActionServer] Aborting handle. error_code:207, error_msg:'SmacHybridplugin failed to plan from (9.90, 9.05) [q: -0.00, 0.00, 0.71, -0.71] (yaw: -1.57) to (1.35, 13.55) [q: -0.00, 0.00, 0.45, -0.89] (yaw: -0.94): "exceeded maximum iterations"'.
[python3-8] SmacHybrid planner failed to produce the path
[python3-8] Cycle:  10 out of:  100
[python3-8] Start geometry_msgs.msg.PoseStamped(header=std_msgs.msg.Header(stamp=builtin_interfaces.msg.Time(sec=1790815498, nanosec=648624723), frame_id='map'), pose=geometry_msgs.msg.Pose(position=geometry_msgs.msg.Point(x=6.3000000938773155, y=0.800000011920929, z=0.0), orientation=geometry_msgs.msg.Quaternion(x=0.0, y=0.0, z=0.9981484302204695, w=0.060825251733243504)))
[python3-8] Goal geometry_msgs.msg.PoseStamped(header=std_msgs.msg.Header(stamp=builtin_interfaces.msg.Time(sec=1790815498, nanosec=648624723), frame_id='map'), pose=geometry_msgs.msg.Pose(position=geometry_msgs.msg.Point(x=5.550000082701445, y=5.300000078976154, z=0.0), orientation=geometry_msgs.msg.Quaternion(x=-0.0, y=0.0, z=0.15612605623437933, w=-0.9877371383949778)))
[python3-8] [INFO] [1790815503.712121299] [basic_navigator]: Getting path...
[planner_server-4] [INFO] [1790815503.712377640] [planner_server]: Computing path to goal.
[planner_server-4] [WARN] [1790815503.815641853] [planner_server]: Planner loop missed its desired rate of 20.0000 Hz. Current loop rate is 9.6839 Hz
[python3-8] [INFO] [1790815503.816974056] [basic_navigator]: Smoothing path...
[smoother_server-5] [INFO] [1790815503.817569031] [smoother_server]: Received a path to smooth.
[python3-8] [INFO] [1790815503.818920339] [basic_navigator]: Smoothing path...
[smoother_server-5] [INFO] [1790815503.819175788] [smoother_server]: Received a path to smooth.
[python3-8] [INFO] [1790815503.822062418] [basic_navigator]: Smoothing path...
[smoother_server-5] [INFO] [1790815503.822332464] [smoother_server]: Received a path to smooth.
[python3-8] Cycle:  11 out of:  100
[python3-8] Start geometry_msgs.msg.PoseStamped(header=std_msgs.msg.Header(stamp=builtin_interfaces.msg.Time(sec=1790815498, nanosec=648624723), frame_id='map'), pose=geometry_msgs.msg.Pose(position=geometry_msgs.msg.Point(x=11.60000017285347, y=0.7500000111758709, z=0.0), orientation=geometry_msgs.msg.Quaternion(x=-0.0, y=0.0, z=0.013898174786455216, w=-0.9999034157045396)))
[python3-8] Goal geometry_msgs.msg.PoseStamped(header=std_msgs.msg.Header(stamp=builtin_interfaces.msg.Time(sec=1790815498, nanosec=648624723), frame_id='map'), pose=geometry_msgs.msg.Pose(position=geometry_msgs.msg.Point(x=0.6500000096857548, y=10.000000149011612, z=0.0), orientation=geometry_msgs.msg.Quaternion(x=-0.0, y=0.0, z=0.42984883168258287, w=-0.9029008704731204)))
[python3-8] [INFO] [1790815503.823797363] [basic_navigator]: Getting path...
[planner_server-4] [INFO] [1790815503.824163739] [planner_server]: Computing path to goal.
[rviz2-7] [INFO] [1790815504.629942158] [nav2_rviz_selector_node]: controller_server service not available
[planner_server-4] [WARN] [1790815504.636887724] [planner_server]: SmacHybridplugin failed to plan from (11.60, 0.75) [q: -0.00, 0.00, 0.01, -1.00] (yaw: -0.03) to (0.65, 10.00) [q: -0.00, 0.00, 0.43, -0.90] (yaw: -0.89): "exceeded maximum iterations"
[planner_server-4] [WARN] [1790815504.636921896] [planner_server]: [compute_path_to_pose] [ActionServer] Aborting handle. error_code:207, error_msg:'SmacHybridplugin failed to plan from (11.60, 0.75) [q: -0.00, 0.00, 0.01, -1.00] (yaw: -0.03) to (0.65, 10.00) [q: -0.00, 0.00, 0.43, -0.90] (yaw: -0.89): "exceeded maximum iterations"'.
[python3-8] SmacHybrid planner failed to produce the path
[python3-8] Cycle:  11 out of:  100
[python3-8] Start geometry_msgs.msg.PoseStamped(header=std_msgs.msg.Header(stamp=builtin_interfaces.msg.Time(sec=1790815498, nanosec=648624723), frame_id='map'), pose=geometry_msgs.msg.Pose(position=geometry_msgs.msg.Point(x=11.050000164657831, y=4.450000066310167, z=0.0), orientation=geometry_msgs.msg.Quaternion(x=0.0, y=0.0, z=0.07275749085480768, w=0.9973496616154801)))
[python3-8] Goal geometry_msgs.msg.PoseStamped(header=std_msgs.msg.Header(stamp=builtin_interfaces.msg.Time(sec=1790815498, nanosec=648624723), frame_id='map'), pose=geometry_msgs.msg.Pose(position=geometry_msgs.msg.Point(x=4.000000059604645, y=2.7500000409781933, z=0.0), orientation=geometry_msgs.msg.Quaternion(x=0.0, y=0.0, z=0.9908846428487619, w=0.1347131195039358)))
[python3-8] [INFO] [1790815504.637815116] [basic_navigator]: Getting path...
[planner_server-4] [INFO] [1790815504.638030399] [planner_server]: Computing path to goal.
[python3-8] [INFO] [1790815504.650872836] [basic_navigator]: Smoothing path...
[smoother_server-5] [INFO] [1790815504.651302159] [smoother_server]: Received a path to smooth.
[python3-8] [INFO] [1790815504.653055239] [basic_navigator]: Smoothing path...
[smoother_server-5] [INFO] [1790815504.653430589] [smoother_server]: Received a path to smooth.
[python3-8] [INFO] [1790815504.663559788] [basic_navigator]: Smoothing path...
[smoother_server-5] [INFO] [1790815504.663977694] [smoother_server]: Received a path to smooth.
[python3-8] Cycle:  12 out of:  100
[python3-8] Start geometry_msgs.msg.PoseStamped(header=std_msgs.msg.Header(stamp=builtin_interfaces.msg.Time(sec=1790815498, nanosec=648624723), frame_id='map'), pose=geometry_msgs.msg.Pose(position=geometry_msgs.msg.Point(x=5.850000087171793, y=1.0000000149011612, z=0.0), orientation=geometry_msgs.msg.Quaternion(x=-0.0, y=0.0, z=0.6093341622280618, w=-0.7929135379988326)))
[python3-8] Goal geometry_msgs.msg.PoseStamped(header=std_msgs.msg.Header(stamp=builtin_interfaces.msg.Time(sec=1790815498, nanosec=648624723), frame_id='map'), pose=geometry_msgs.msg.Pose(position=geometry_msgs.msg.Point(x=9.850000146776438, y=9.050000134855509, z=0.0), orientation=geometry_msgs.msg.Quaternion(x=0.0, y=0.0, z=0.27515874964397236, w=0.9613988051242657)))
[python3-8] [INFO] [1790815504.665675725] [basic_navigator]: Getting path...
[planner_server-4] [INFO] [1790815504.665969820] [planner_server]: Computing path to goal.
[planner_server-4] [WARN] [1790815504.835882861] [planner_server]: Planner loop missed its desired rate of 20.0000 Hz. Current loop rate is 5.8853 Hz
[python3-8] [INFO] [1790815504.838104857] [basic_navigator]: Smoothing path...
[smoother_server-5] [INFO] [1790815504.838834669] [smoother_server]: Received a path to smooth.
[python3-8] [INFO] [1790815504.840885625] [basic_navigator]: Smoothing path...
[smoother_server-5] [INFO] [1790815504.841316391] [smoother_server]: Received a path to smooth.
[python3-8] [INFO] [1790815504.849332353] [basic_navigator]: Smoothing path...
[smoother_server-5] [INFO] [1790815504.849817079] [smoother_server]: Received a path to smooth.
[python3-8] Cycle:  13 out of:  100
[python3-8] Start geometry_msgs.msg.PoseStamped(header=std_msgs.msg.Header(stamp=builtin_interfaces.msg.Time(sec=1790815498, nanosec=648624723), frame_id='map'), pose=geometry_msgs.msg.Pose(position=geometry_msgs.msg.Point(x=8.400000125169754, y=13.250000197440386, z=0.0), orientation=geometry_msgs.msg.Quaternion(x=-0.0, y=0.0, z=0.10021128560722499, w=-0.9949661794437775)))
[python3-8] Goal geometry_msgs.msg.PoseStamped(header=std_msgs.msg.Header(stamp=builtin_interfaces.msg.Time(sec=1790815498, nanosec=648624723), frame_id='map'), pose=geometry_msgs.msg.Pose(position=geometry_msgs.msg.Point(x=0.6500000096857548, y=0.9000000134110451, z=0.0), orientation=geometry_msgs.msg.Quaternion(x=0.0, y=0.0, z=0.9999715886278937, w=0.0075380327013476744)))
[python3-8] [INFO] [1790815504.851966764] [basic_navigator]: Getting path...
[planner_server-4] [INFO] [1790815504.852405590] [planner_server]: Computing path to goal.
[python3-8] [INFO] [1790815504.884083807] [basic_navigator]: Smoothing path...
[smoother_server-5] [INFO] [1790815504.884963487] [smoother_server]: Received a path to smooth.
[python3-8] [INFO] [1790815504.887605043] [basic_navigator]: Smoothing path...
[smoother_server-5] [INFO] [1790815504.888260240] [smoother_server]: Received a path to smooth.
[python3-8] [INFO] [1790815504.902964337] [basic_navigator]: Smoothing path...
[smoother_server-5] [INFO] [1790815504.903690773] [smoother_server]: Received a path to smooth.
[python3-8] Cycle:  14 out of:  100
[python3-8] Start geometry_msgs.msg.PoseStamped(header=std_msgs.msg.Header(stamp=builtin_interfaces.msg.Time(sec=1790815498, nanosec=648624723), frame_id='map'), pose=geometry_msgs.msg.Pose(position=geometry_msgs.msg.Point(x=13.90000020712614, y=8.850000131875277, z=0.0), orientation=geometry_msgs.msg.Quaternion(x=0.0, y=0.0, z=0.39197685326109805, w=0.9199750792861335)))
[python3-8] Goal geometry_msgs.msg.PoseStamped(header=std_msgs.msg.Header(stamp=builtin_interfaces.msg.Time(sec=1790815498, nanosec=648624723), frame_id='map'), pose=geometry_msgs.msg.Pose(position=geometry_msgs.msg.Point(x=10.400000154972076, y=9.150000136345625, z=0.0), orientation=geometry_msgs.msg.Quaternion(x=0.0, y=0.0, z=0.9999095865684954, w=0.013446883966947681)))
[python3-8] [INFO] [1790815504.906216055] [basic_navigator]: Getting path...
[planner_server-4] [INFO] [1790815504.906595917] [planner_server]: Computing path to goal.
[python3-8] [INFO] [1790815504.909881953] [basic_navigator]: Smoothing path...
[smoother_server-5] [INFO] [1790815504.910173955] [smoother_server]: Received a path to smooth.
[python3-8] [INFO] [1790815504.911687786] [basic_navigator]: Smoothing path...
[smoother_server-5] [INFO] [1790815504.911873705] [smoother_server]: Received a path to smooth.
[python3-8] [INFO] [1790815504.914537256] [basic_navigator]: Smoothing path...
[smoother_server-5] [INFO] [1790815504.914760116] [smoother_server]: Received a path to smooth.
[python3-8] Cycle:  15 out of:  100
[python3-8] Start geometry_msgs.msg.PoseStamped(header=std_msgs.msg.Header(stamp=builtin_interfaces.msg.Time(sec=1790815498, nanosec=648624723), frame_id='map'), pose=geometry_msgs.msg.Pose(position=geometry_msgs.msg.Point(x=7.400000110268593, y=12.000000178813934, z=0.0), orientation=geometry_msgs.msg.Quaternion(x=0.0, y=0.0, z=0.5933824618746387, w=0.8049206507101138)))
[python3-8] Goal geometry_msgs.msg.PoseStamped(header=std_msgs.msg.Header(stamp=builtin_interfaces.msg.Time(sec=1790815498, nanosec=648624723), frame_id='map'), pose=geometry_msgs.msg.Pose(position=geometry_msgs.msg.Point(x=14.000000208616257, y=2.600000038743019, z=0.0), orientation=geometry_msgs.msg.Quaternion(x=0.0, y=0.0, z=0.5956311101420824, w=0.8032581033708347)))
[python3-8] [INFO] [1790815504.916101701] [basic_navigator]: Getting path...
[planner_server-4] [INFO] [1790815504.916401693] [planner_server]: Computing path to goal.
[python3-8] [INFO] [1790815504.948809567] [basic_navigator]: Smoothing path...
[smoother_server-5] [INFO] [1790815504.949772914] [smoother_server]: Received a path to smooth.
[python3-8] [INFO] [1790815504.952704452] [basic_navigator]: Smoothing path...
[smoother_server-5] [INFO] [1790815504.953377191] [smoother_server]: Received a path to smooth.
[python3-8] [INFO] [1790815504.968800260] [basic_navigator]: Smoothing path...
[smoother_server-5] [INFO] [1790815504.969464779] [smoother_server]: Received a path to smooth.
[python3-8] Cycle:  16 out of:  100
[python3-8] Start geometry_msgs.msg.PoseStamped(header=std_msgs.msg.Header(stamp=builtin_interfaces.msg.Time(sec=1790815498, nanosec=648624723), frame_id='map'), pose=geometry_msgs.msg.Pose(position=geometry_msgs.msg.Point(x=4.90000007301569, y=3.0500000454485416, z=0.0), orientation=geometry_msgs.msg.Quaternion(x=0.0, y=0.0, z=0.9641530566508384, w=0.26534672289448996)))
[python3-8] Goal geometry_msgs.msg.PoseStamped(header=std_msgs.msg.Header(stamp=builtin_interfaces.msg.Time(sec=1790815498, nanosec=648624723), frame_id='map'), pose=geometry_msgs.msg.Pose(position=geometry_msgs.msg.Point(x=14.400000214576721, y=12.800000190734863, z=0.0), orientation=geometry_msgs.msg.Quaternion(x=0.0, y=0.0, z=0.9935634526874988, w=0.11327694153576126)))
[python3-8] [INFO] [1790815504.972177533] [basic_navigator]: Getting path...
[planner_server-4] [INFO] [1790815504.972568253] [planner_server]: Computing path to goal.
[rviz2-7] [INFO] [1790815505.632726545] [nav2_rviz_selector_node]: controller_server service not available
[rviz2-7] [INFO] [1790815505.634406561] [nav2_rviz_selector_node]: Failed to load plugins. Retrying...
[planner_server-4] [WARN] [1790815505.758287027] [planner_server]: SmacHybridplugin failed to plan from (4.90, 3.05) [q: 0.00, 0.00, 0.96, 0.27] (yaw: 2.60) to (14.40, 12.80) [q: 0.00, 0.00, 0.99, 0.11] (yaw: 2.91): "exceeded maximum iterations"
[planner_server-4] [WARN] [1790815505.758323336] [planner_server]: [compute_path_to_pose] [ActionServer] Aborting handle. error_code:207, error_msg:'SmacHybridplugin failed to plan from (4.90, 3.05) [q: 0.00, 0.00, 0.96, 0.27] (yaw: 2.60) to (14.40, 12.80) [q: 0.00, 0.00, 0.99, 0.11] (yaw: 2.91): "exceeded maximum iterations"'.
[python3-8] SmacHybrid planner failed to produce the path
[python3-8] Cycle:  16 out of:  100
[python3-8] Start geometry_msgs.msg.PoseStamped(header=std_msgs.msg.Header(stamp=builtin_interfaces.msg.Time(sec=1790815498, nanosec=648624723), frame_id='map'), pose=geometry_msgs.msg.Pose(position=geometry_msgs.msg.Point(x=6.500000096857548, y=8.75000013038516, z=0.0), orientation=geometry_msgs.msg.Quaternion(x=0.0, y=0.0, z=0.022557852021366495, w=0.9997455392809623)))
[python3-8] Goal geometry_msgs.msg.PoseStamped(header=std_msgs.msg.Header(stamp=builtin_interfaces.msg.Time(sec=1790815498, nanosec=648624723), frame_id='map'), pose=geometry_msgs.msg.Pose(position=geometry_msgs.msg.Point(x=9.100000135600567, y=4.300000064074993, z=0.0), orientation=geometry_msgs.msg.Quaternion(x=0.0, y=0.0, z=0.5520075792798588, w=0.8338390926417342)))
[python3-8] [INFO] [1790815505.759470271] [basic_navigator]: Getting path...
[planner_server-4] [INFO] [1790815505.759685071] [planner_server]: Computing path to goal.
[planner_server-4] [WARN] [1790815506.052538483] [planner_server]: Planner loop missed its desired rate of 20.0000 Hz. Current loop rate is 3.4147 Hz
[python3-8] [INFO] [1790815506.054212097] [basic_navigator]: Smoothing path...
[smoother_server-5] [INFO] [1790815506.054724734] [smoother_server]: Received a path to smooth.
[python3-8] [INFO] [1790815506.056812199] [basic_navigator]: Smoothing path...
[smoother_server-5] [INFO] [1790815506.057147232] [smoother_server]: Received a path to smooth.
[python3-8] [INFO] [1790815506.068589151] [basic_navigator]: Smoothing path...
[smoother_server-5] [INFO] [1790815506.068969143] [smoother_server]: Received a path to smooth.
[python3-8] Cycle:  17 out of:  100
[python3-8] Start geometry_msgs.msg.PoseStamped(header=std_msgs.msg.Header(stamp=builtin_interfaces.msg.Time(sec=1790815498, nanosec=648624723), frame_id='map'), pose=geometry_msgs.msg.Pose(position=geometry_msgs.msg.Point(x=6.550000097602606, y=6.95000010356307, z=0.0), orientation=geometry_msgs.msg.Quaternion(x=0.0, y=0.0, z=0.8207475607454985, w=0.5712910305004921)))
[python3-8] Goal geometry_msgs.msg.PoseStamped(header=std_msgs.msg.Header(stamp=builtin_interfaces.msg.Time(sec=1790815498, nanosec=648624723), frame_id='map'), pose=geometry_msgs.msg.Pose(position=geometry_msgs.msg.Point(x=13.15000019595027, y=0.7000000104308128, z=0.0), orientation=geometry_msgs.msg.Quaternion(x=0.0, y=0.0, z=0.9872160389695662, w=0.1593878677981479)))
[python3-8] [INFO] [1790815506.070664355] [basic_navigator]: Getting path...
[planner_server-4] [INFO] [1790815506.070864932] [planner_server]: Computing path to goal.
[planner_server-4] [WARN] [1790815506.346808021] [planner_server]: Planner loop missed its desired rate of 20.0000 Hz. Current loop rate is 3.6239 Hz
[python3-8] [INFO] [1790815506.349026206] [basic_navigator]: Smoothing path...
[smoother_server-5] [INFO] [1790815506.349761951] [smoother_server]: Received a path to smooth.
[python3-8] [INFO] [1790815506.352268703] [basic_navigator]: Smoothing path...
[smoother_server-5] [INFO] [1790815506.352762032] [smoother_server]: Received a path to smooth.
[python3-8] [INFO] [1790815506.379998315] [basic_navigator]: Smoothing path...
[smoother_server-5] [INFO] [1790815506.380893615] [smoother_server]: Received a path to smooth.
[python3-8] Cycle:  18 out of:  100
[python3-8] Start geometry_msgs.msg.PoseStamped(header=std_msgs.msg.Header(stamp=builtin_interfaces.msg.Time(sec=1790815498, nanosec=648624723), frame_id='map'), pose=geometry_msgs.msg.Pose(position=geometry_msgs.msg.Point(x=7.700000114738941, y=10.30000015348196, z=0.0), orientation=geometry_msgs.msg.Quaternion(x=-0.0, y=0.0, z=0.133077605657365, w=-0.991105620442394)))
[python3-8] Goal geometry_msgs.msg.PoseStamped(header=std_msgs.msg.Header(stamp=builtin_interfaces.msg.Time(sec=1790815498, nanosec=648624723), frame_id='map'), pose=geometry_msgs.msg.Pose(position=geometry_msgs.msg.Point(x=7.800000116229057, y=1.5500000230967999, z=0.0), orientation=geometry_msgs.msg.Quaternion(x=0.0, y=0.0, z=0.4802996930314105, w=0.8771044435379021)))
[python3-8] [INFO] [1790815506.385360051] [basic_navigator]: Getting path...
[planner_server-4] [INFO] [1790815506.385881482] [planner_server]: Computing path to goal.
[python3-8] [INFO] [1790815506.414238342] [basic_navigator]: Smoothing path...
[smoother_server-5] [INFO] [1790815506.414949196] [smoother_server]: Received a path to smooth.
[python3-8] [INFO] [1790815506.418161094] [basic_navigator]: Smoothing path...
[smoother_server-5] [INFO] [1790815506.418816627] [smoother_server]: Received a path to smooth.
[python3-8] [INFO] [1790815506.433198283] [basic_navigator]: Smoothing path...
[smoother_server-5] [INFO] [1790815506.433702972] [smoother_server]: Received a path to smooth.
[python3-8] Cycle:  19 out of:  100
[python3-8] Start geometry_msgs.msg.PoseStamped(header=std_msgs.msg.Header(stamp=builtin_interfaces.msg.Time(sec=1790815498, nanosec=648624723), frame_id='map'), pose=geometry_msgs.msg.Pose(position=geometry_msgs.msg.Point(x=9.350000139325857, y=1.1500000171363354, z=0.0), orientation=geometry_msgs.msg.Quaternion(x=0.0, y=0.0, z=0.25662740880995805, w=0.9665104102116473)))
[python3-8] Goal geometry_msgs.msg.PoseStamped(header=std_msgs.msg.Header(stamp=builtin_interfaces.msg.Time(sec=1790815498, nanosec=648624723), frame_id='map'), pose=geometry_msgs.msg.Pose(position=geometry_msgs.msg.Point(x=10.30000015348196, y=5.300000078976154, z=0.0), orientation=geometry_msgs.msg.Quaternion(x=0.0, y=0.0, z=0.8629320937288497, w=0.5053199002738202)))
[python3-8] [INFO] [1790815506.435708371] [basic_navigator]: Getting path...
[planner_server-4] [INFO] [1790815506.435978024] [planner_server]: Computing path to goal.
[python3-8] [INFO] [1790815506.471193725] [basic_navigator]: Smoothing path...
[smoother_server-5] [INFO] [1790815506.471863239] [smoother_server]: Received a path to smooth.
[python3-8] [INFO] [1790815506.474246500] [basic_navigator]: Smoothing path...
[smoother_server-5] [INFO] [1790815506.474745941] [smoother_server]: Received a path to smooth.
[python3-8] [INFO] [1790815506.484380195] [basic_navigator]: Smoothing path...
[smoother_server-5] [INFO] [1790815506.485285656] [smoother_server]: Received a path to smooth.
[python3-8] Cycle:  20 out of:  100
[python3-8] Start geometry_msgs.msg.PoseStamped(header=std_msgs.msg.Header(stamp=builtin_interfaces.msg.Time(sec=1790815498, nanosec=648624723), frame_id='map'), pose=geometry_msgs.msg.Pose(position=geometry_msgs.msg.Point(x=1.5500000230967999, y=10.200000151991844, z=0.0), orientation=geometry_msgs.msg.Quaternion(x=-0.0, y=0.0, z=0.44805427343232823, w=-0.8940063579522399)))
[python3-8] Goal geometry_msgs.msg.PoseStamped(header=std_msgs.msg.Header(stamp=builtin_interfaces.msg.Time(sec=1790815498, nanosec=648624723), frame_id='map'), pose=geometry_msgs.msg.Pose(position=geometry_msgs.msg.Point(x=10.350000154227018, y=4.6000000685453415, z=0.0), orientation=geometry_msgs.msg.Quaternion(x=-0.0, y=0.0, z=0.9339139979861313, w=-0.35749775435037406)))
[python3-8] [INFO] [1790815506.489913374] [basic_navigator]: Getting path...
[planner_server-4] [INFO] [1790815506.490217885] [planner_server]: Computing path to goal.
[python3-8] [INFO] [1790815506.534342301] [basic_navigator]: Smoothing path...
[smoother_server-5] [INFO] [1790815506.535149267] [smoother_server]: Received a path to smooth.
[python3-8] [INFO] [1790815506.539222769] [basic_navigator]: Smoothing path...
[smoother_server-5] [INFO] [1790815506.540033773] [smoother_server]: Received a path to smooth.
[python3-8] [INFO] [1790815506.562625175] [basic_navigator]: Smoothing path...
[smoother_server-5] [INFO] [1790815506.563270323] [smoother_server]: Received a path to smooth.
[python3-8] Cycle:  21 out of:  100
[python3-8] Start geometry_msgs.msg.PoseStamped(header=std_msgs.msg.Header(stamp=builtin_interfaces.msg.Time(sec=1790815498, nanosec=648624723), frame_id='map'), pose=geometry_msgs.msg.Pose(position=geometry_msgs.msg.Point(x=13.200000196695328, y=2.450000036507845, z=0.0), orientation=geometry_msgs.msg.Quaternion(x=0.0, y=0.0, z=0.5583791227284731, w=0.829585893865717)))
[python3-8] Goal geometry_msgs.msg.PoseStamped(header=std_msgs.msg.Header(stamp=builtin_interfaces.msg.Time(sec=1790815498, nanosec=648624723), frame_id='map'), pose=geometry_msgs.msg.Pose(position=geometry_msgs.msg.Point(x=11.500000171363354, y=5.600000083446503, z=0.0), orientation=geometry_msgs.msg.Quaternion(x=-0.0, y=0.0, z=0.4326719501342492, w=-0.9015514314596954)))
[python3-8] [INFO] [1790815506.566397042] [basic_navigator]: Getting path...
[planner_server-4] [INFO] [1790815506.566845961] [planner_server]: Computing path to goal.
[python3-8] [INFO] [1790815506.580654232] [basic_navigator]: Smoothing path...
[smoother_server-5] [INFO] [1790815506.581383055] [smoother_server]: Received a path to smooth.
[python3-8] [INFO] [1790815506.584076066] [basic_navigator]: Smoothing path...
[smoother_server-5] [INFO] [1790815506.584578122] [smoother_server]: Received a path to smooth.
[python3-8] [INFO] [1790815506.598230301] [basic_navigator]: Smoothing path...
[smoother_server-5] [INFO] [1790815506.598999358] [smoother_server]: Received a path to smooth.
[python3-8] Cycle:  22 out of:  100
[python3-8] Start geometry_msgs.msg.PoseStamped(header=std_msgs.msg.Header(stamp=builtin_interfaces.msg.Time(sec=1790815498, nanosec=648624723), frame_id='map'), pose=geometry_msgs.msg.Pose(position=geometry_msgs.msg.Point(x=8.450000125914812, y=10.30000015348196, z=0.0), orientation=geometry_msgs.msg.Quaternion(x=-0.0, y=0.0, z=0.9216097328339974, w=-0.3881178949052052)))
[python3-8] Goal geometry_msgs.msg.PoseStamped(header=std_msgs.msg.Header(stamp=builtin_interfaces.msg.Time(sec=1790815498, nanosec=648624723), frame_id='map'), pose=geometry_msgs.msg.Pose(position=geometry_msgs.msg.Point(x=10.150000151246786, y=6.500000096857548, z=0.0), orientation=geometry_msgs.msg.Quaternion(x=-0.0, y=0.0, z=0.58476501995258, w=-0.8112027314055709)))
[python3-8] [INFO] [1790815506.601598591] [basic_navigator]: Getting path...
[planner_server-4] [INFO] [1790815506.602014604] [planner_server]: Computing path to goal.
[python3-8] [INFO] [1790815506.605316500] [basic_navigator]: Smoothing path...
[smoother_server-5] [INFO] [1790815506.605626333] [smoother_server]: Received a path to smooth.
[python3-8] [INFO] [1790815506.607375980] [basic_navigator]: Smoothing path...
[smoother_server-5] [INFO] [1790815506.607615700] [smoother_server]: Received a path to smooth.
[python3-8] [INFO] [1790815506.609293916] [basic_navigator]: Smoothing path...
[smoother_server-5] [INFO] [1790815506.609589973] [smoother_server]: Received a path to smooth.
[python3-8] Cycle:  23 out of:  100
[python3-8] Start geometry_msgs.msg.PoseStamped(header=std_msgs.msg.Header(stamp=builtin_interfaces.msg.Time(sec=1790815498, nanosec=648624723), frame_id='map'), pose=geometry_msgs.msg.Pose(position=geometry_msgs.msg.Point(x=10.700000159442425, y=11.85000017657876, z=0.0), orientation=geometry_msgs.msg.Quaternion(x=-0.0, y=0.0, z=0.11123680987053712, w=-0.9937939284025769)))
[python3-8] Goal geometry_msgs.msg.PoseStamped(header=std_msgs.msg.Header(stamp=builtin_interfaces.msg.Time(sec=1790815498, nanosec=648624723), frame_id='map'), pose=geometry_msgs.msg.Pose(position=geometry_msgs.msg.Point(x=7.650000113993883, y=4.550000067800283, z=0.0), orientation=geometry_msgs.msg.Quaternion(x=0.0, y=0.0, z=0.6336840702581047, w=0.7735919461196072)))
[python3-8] [INFO] [1790815506.611660137] [basic_navigator]: Getting path...
[planner_server-4] [INFO] [1790815506.611808423] [planner_server]: Computing path to goal.
[rviz2-7] [INFO] [1790815506.620785073] [nav2_rviz_selector_node]: Trying to load plugins...
[planner_server-4] [WARN] [1790815507.352841904] [planner_server]: Planner loop missed its desired rate of 20.0000 Hz. Current loop rate is 1.3495 Hz
[python3-8] [INFO] [1790815507.354838453] [basic_navigator]: Smoothing path...
[smoother_server-5] [INFO] [1790815507.355742562] [smoother_server]: Received a path to smooth.
[python3-8] [INFO] [1790815507.358256482] [basic_navigator]: Smoothing path...
[smoother_server-5] [INFO] [1790815507.358899251] [smoother_server]: Received a path to smooth.
[python3-8] [INFO] [1790815507.363619925] [basic_navigator]: Smoothing path...
[smoother_server-5] [INFO] [1790815507.364213643] [smoother_server]: Received a path to smooth.
[python3-8] Cycle:  24 out of:  100
[python3-8] Start geometry_msgs.msg.PoseStamped(header=std_msgs.msg.Header(stamp=builtin_interfaces.msg.Time(sec=1790815498, nanosec=648624723), frame_id='map'), pose=geometry_msgs.msg.Pose(position=geometry_msgs.msg.Point(x=3.1500000469386578, y=1.3000000193715096, z=0.0), orientation=geometry_msgs.msg.Quaternion(x=0.0, y=0.0, z=0.49263842794711393, w=0.8702340945457125)))
[python3-8] Goal geometry_msgs.msg.PoseStamped(header=std_msgs.msg.Header(stamp=builtin_interfaces.msg.Time(sec=1790815498, nanosec=648624723), frame_id='map'), pose=geometry_msgs.msg.Pose(position=geometry_msgs.msg.Point(x=8.900000132620335, y=10.30000015348196, z=0.0), orientation=geometry_msgs.msg.Quaternion(x=0.0, y=0.0, z=0.9973078421897653, w=0.0733284931441677)))
[python3-8] [INFO] [1790815507.366792909] [basic_navigator]: Getting path...
[planner_server-4] [INFO] [1790815507.367132640] [planner_server]: Computing path to goal.
[python3-8] [INFO] [1790815507.379955372] [basic_navigator]: Smoothing path...
[smoother_server-5] [INFO] [1790815507.380679065] [smoother_server]: Received a path to smooth.
[python3-8] [INFO] [1790815507.383287684] [basic_navigator]: Smoothing path...
[smoother_server-5] [INFO] [1790815507.383928245] [smoother_server]: Received a path to smooth.
[python3-8] [INFO] [1790815507.397634475] [basic_navigator]: Smoothing path...
[smoother_server-5] [INFO] [1790815507.398300515] [smoother_server]: Received a path to smooth.
[python3-8] Cycle:  25 out of:  100
[python3-8] Start geometry_msgs.msg.PoseStamped(header=std_msgs.msg.Header(stamp=builtin_interfaces.msg.Time(sec=1790815498, nanosec=648624723), frame_id='map'), pose=geometry_msgs.msg.Pose(position=geometry_msgs.msg.Point(x=11.35000016912818, y=4.950000073760748, z=0.0), orientation=geometry_msgs.msg.Quaternion(x=0.0, y=0.0, z=0.40162634614298787, w=0.9158036241923445)))
[python3-8] Goal geometry_msgs.msg.PoseStamped(header=std_msgs.msg.Header(stamp=builtin_interfaces.msg.Time(sec=1790815498, nanosec=648624723), frame_id='map'), pose=geometry_msgs.msg.Pose(position=geometry_msgs.msg.Point(x=4.250000063329935, y=11.10000016540289, z=0.0), orientation=geometry_msgs.msg.Quaternion(x=-0.0, y=0.0, z=0.2557059324498062, w=-0.9667546100795047)))
[python3-8] [INFO] [1790815507.400786731] [basic_navigator]: Getting path...
[planner_server-4] [INFO] [1790815507.401130006] [planner_server]: Computing path to goal.
[rviz2-7] [INFO] [1790815507.622147407] [nav2_rviz_selector_node]: controller_server service not available
[planner_server-4] [WARN] [1790815507.730611651] [planner_server]: Planner loop missed its desired rate of 20.0000 Hz. Current loop rate is 3.0351 Hz
[python3-8] [INFO] [1790815507.732757613] [basic_navigator]: Smoothing path...
[smoother_server-5] [INFO] [1790815507.733309792] [smoother_server]: Received a path to smooth.
[python3-8] [INFO] [1790815507.735895162] [basic_navigator]: Smoothing path...
[smoother_server-5] [INFO] [1790815507.736400054] [smoother_server]: Received a path to smooth.
[python3-8] [INFO] [1790815507.741171382] [basic_navigator]: Smoothing path...
[smoother_server-5] [INFO] [1790815507.741631502] [smoother_server]: Received a path to smooth.
[python3-8] Cycle:  26 out of:  100
[python3-8] Start geometry_msgs.msg.PoseStamped(header=std_msgs.msg.Header(stamp=builtin_interfaces.msg.Time(sec=1790815498, nanosec=648624723), frame_id='map'), pose=geometry_msgs.msg.Pose(position=geometry_msgs.msg.Point(x=2.8000000417232513, y=13.300000198185444, z=0.0), orientation=geometry_msgs.msg.Quaternion(x=-0.0, y=0.0, z=0.6014591433192029, w=-0.7989035604612928)))
[python3-8] Goal geometry_msgs.msg.PoseStamped(header=std_msgs.msg.Header(stamp=builtin_interfaces.msg.Time(sec=1790815498, nanosec=648624723), frame_id='map'), pose=geometry_msgs.msg.Pose(position=geometry_msgs.msg.Point(x=11.800000175833702, y=14.050000209361315, z=0.0), orientation=geometry_msgs.msg.Quaternion(x=0.0, y=0.0, z=0.9328017724670676, w=0.36038986290168723)))
[python3-8] [INFO] [1790815507.744594767] [basic_navigator]: Getting path...
[planner_server-4] [INFO] [1790815507.745079430] [planner_server]: Computing path to goal.
[planner_server-4] [WARN] [1790815507.987362439] [planner_server]: Planner loop missed its desired rate of 20.0000 Hz. Current loop rate is 4.1274 Hz
[python3-8] [INFO] [1790815507.989249694] [basic_navigator]: Smoothing path...
[smoother_server-5] [INFO] [1790815507.990037377] [smoother_server]: Received a path to smooth.
[python3-8] [INFO] [1790815507.992284879] [basic_navigator]: Smoothing path...
[smoother_server-5] [INFO] [1790815507.992851589] [smoother_server]: Received a path to smooth.
[python3-8] [INFO] [1790815507.997303572] [basic_navigator]: Smoothing path...
[smoother_server-5] [INFO] [1790815507.997810395] [smoother_server]: Received a path to smooth.
[python3-8] Cycle:  27 out of:  100
[python3-8] Start geometry_msgs.msg.PoseStamped(header=std_msgs.msg.Header(stamp=builtin_interfaces.msg.Time(sec=1790815498, nanosec=648624723), frame_id='map'), pose=geometry_msgs.msg.Pose(position=geometry_msgs.msg.Point(x=11.800000175833702, y=2.9500000439584255, z=0.0), orientation=geometry_msgs.msg.Quaternion(x=0.0, y=0.0, z=0.9997968617671522, w=0.020155277238332422)))
[python3-8] Goal geometry_msgs.msg.PoseStamped(header=std_msgs.msg.Header(stamp=builtin_interfaces.msg.Time(sec=1790815498, nanosec=648624723), frame_id='map'), pose=geometry_msgs.msg.Pose(position=geometry_msgs.msg.Point(x=8.450000125914812, y=13.450000200420618, z=0.0), orientation=geometry_msgs.msg.Quaternion(x=0.0, y=0.0, z=0.5356722103132017, w=0.8444260080659342)))
[python3-8] [INFO] [1790815508.002855088] [basic_navigator]: Getting path...
[planner_server-4] [INFO] [1790815508.003193399] [planner_server]: Computing path to goal.
[python3-8] [INFO] [1790815508.046865219] [basic_navigator]: Smoothing path...
[smoother_server-5] [INFO] [1790815508.047717360] [smoother_server]: Received a path to smooth.
[python3-8] [INFO] [1790815508.051077506] [basic_navigator]: Smoothing path...
[smoother_server-5] [INFO] [1790815508.052070222] [smoother_server]: Received a path to smooth.
[python3-8] [INFO] [1790815508.077963351] [basic_navigator]: Smoothing path...
[smoother_server-5] [INFO] [1790815508.079135724] [smoother_server]: Received a path to smooth.
[python3-8] Cycle:  28 out of:  100
[python3-8] Start geometry_msgs.msg.PoseStamped(header=std_msgs.msg.Header(stamp=builtin_interfaces.msg.Time(sec=1790815498, nanosec=648624723), frame_id='map'), pose=geometry_msgs.msg.Pose(position=geometry_msgs.msg.Point(x=11.550000172108412, y=14.400000214576721, z=0.0), orientation=geometry_msgs.msg.Quaternion(x=0.0, y=0.0, z=0.7766855985489332, w=0.6298884671167471)))
[python3-8] Goal geometry_msgs.msg.PoseStamped(header=std_msgs.msg.Header(stamp=builtin_interfaces.msg.Time(sec=1790815498, nanosec=648624723), frame_id='map'), pose=geometry_msgs.msg.Pose(position=geometry_msgs.msg.Point(x=6.500000096857548, y=12.200000181794167, z=0.0), orientation=geometry_msgs.msg.Quaternion(x=0.0, y=0.0, z=0.9640137238473743, w=0.2658524783294645)))
[python3-8] [INFO] [1790815508.084746333] [basic_navigator]: Getting path...
[planner_server-4] [INFO] [1790815508.085283240] [planner_server]: Computing path to goal.
[planner_server-4] [WARN] [1790815508.086527371] [planner_server]: SmacHybridplugin failed to plan from (11.55, 14.40) [q: 0.00, 0.00, 0.78, 0.63] (yaw: 1.78) to (6.50, 12.20) [q: 0.00, 0.00, 0.96, 0.27] (yaw: 2.60): "no valid path found"
[planner_server-4] [WARN] [1790815508.086546909] [planner_server]: [compute_path_to_pose] [ActionServer] Aborting handle. error_code:208, error_msg:'SmacHybridplugin failed to plan from (11.55, 14.40) [q: 0.00, 0.00, 0.78, 0.63] (yaw: 1.78) to (6.50, 12.20) [q: 0.00, 0.00, 0.96, 0.27] (yaw: 2.60): "no valid path found"'.
[python3-8] SmacHybrid planner failed to produce the path
[python3-8] Cycle:  28 out of:  100
[python3-8] Start geometry_msgs.msg.PoseStamped(header=std_msgs.msg.Header(stamp=builtin_interfaces.msg.Time(sec=1790815498, nanosec=648624723), frame_id='map'), pose=geometry_msgs.msg.Pose(position=geometry_msgs.msg.Point(x=8.25000012293458, y=0.850000012665987, z=0.0), orientation=geometry_msgs.msg.Quaternion(x=0.0, y=0.0, z=0.5063425950294523, w=0.8623324048525836)))
[python3-8] Goal geometry_msgs.msg.PoseStamped(header=std_msgs.msg.Header(stamp=builtin_interfaces.msg.Time(sec=1790815498, nanosec=648624723), frame_id='map'), pose=geometry_msgs.msg.Pose(position=geometry_msgs.msg.Point(x=8.25000012293458, y=12.850000191479921, z=0.0), orientation=geometry_msgs.msg.Quaternion(x=-0.0, y=0.0, z=0.10081857536577842, w=-0.9949048270368452)))
[python3-8] [INFO] [1790815508.087468439] [basic_navigator]: Getting path...
[planner_server-4] [INFO] [1790815508.087909359] [planner_server]: Computing path to goal.
[planner_server-4] [WARN] [1790815508.185426264] [planner_server]: Planner loop missed its desired rate of 20.0000 Hz. Current loop rate is 10.2546 Hz
[python3-8] [INFO] [1790815508.188094753] [basic_navigator]: Smoothing path...
[smoother_server-5] [INFO] [1790815508.188869055] [smoother_server]: Received a path to smooth.
[python3-8] [INFO] [1790815508.192123987] [basic_navigator]: Smoothing path...
[smoother_server-5] [INFO] [1790815508.192789007] [smoother_server]: Received a path to smooth.
[python3-8] [INFO] [1790815508.205964370] [basic_navigator]: Smoothing path...
[smoother_server-5] [INFO] [1790815508.206630840] [smoother_server]: Received a path to smooth.
[python3-8] Cycle:  29 out of:  100
[python3-8] Start geometry_msgs.msg.PoseStamped(header=std_msgs.msg.Header(stamp=builtin_interfaces.msg.Time(sec=1790815498, nanosec=648624723), frame_id='map'), pose=geometry_msgs.msg.Pose(position=geometry_msgs.msg.Point(x=8.400000125169754, y=0.850000012665987, z=0.0), orientation=geometry_msgs.msg.Quaternion(x=-0.0, y=0.0, z=0.38060265560957096, w=-0.9247386758122222)))
[python3-8] Goal geometry_msgs.msg.PoseStamped(header=std_msgs.msg.Header(stamp=builtin_interfaces.msg.Time(sec=1790815498, nanosec=648624723), frame_id='map'), pose=geometry_msgs.msg.Pose(position=geometry_msgs.msg.Point(x=8.300000123679638, y=5.4500000812113285, z=0.0), orientation=geometry_msgs.msg.Quaternion(x=0.0, y=0.0, z=0.9878814078375905, w=0.15521057969358956)))
[python3-8] [INFO] [1790815508.211098379] [basic_navigator]: Getting path...
[planner_server-4] [INFO] [1790815508.211469512] [planner_server]: Computing path to goal.
[planner_server-4] [WARN] [1790815508.295004780] [planner_server]: Planner loop missed its desired rate of 20.0000 Hz. Current loop rate is 11.9709 Hz
[python3-8] [INFO] [1790815508.296860859] [basic_navigator]: Smoothing path...
[smoother_server-5] [INFO] [1790815508.297571206] [smoother_server]: Received a path to smooth.
[python3-8] [INFO] [1790815508.299961185] [basic_navigator]: Smoothing path...
[smoother_server-5] [INFO] [1790815508.300444217] [smoother_server]: Received a path to smooth.
[python3-8] [INFO] [1790815508.311638875] [basic_navigator]: Smoothing path...
[smoother_server-5] [INFO] [1790815508.312135000] [smoother_server]: Received a path to smooth.
[python3-8] Cycle:  30 out of:  100
[python3-8] Start geometry_msgs.msg.PoseStamped(header=std_msgs.msg.Header(stamp=builtin_interfaces.msg.Time(sec=1790815498, nanosec=648624723), frame_id='map'), pose=geometry_msgs.msg.Pose(position=geometry_msgs.msg.Point(x=6.95000010356307, y=6.750000100582838, z=0.0), orientation=geometry_msgs.msg.Quaternion(x=-0.0, y=0.0, z=0.9493488642704432, w=-0.3142240186688784)))
[python3-8] Goal geometry_msgs.msg.PoseStamped(header=std_msgs.msg.Header(stamp=builtin_interfaces.msg.Time(sec=1790815498, nanosec=648624723), frame_id='map'), pose=geometry_msgs.msg.Pose(position=geometry_msgs.msg.Point(x=9.850000146776438, y=13.300000198185444, z=0.0), orientation=geometry_msgs.msg.Quaternion(x=0.0, y=0.0, z=0.8918984564265506, w=0.45223571666105317)))
[python3-8] [INFO] [1790815508.314566015] [basic_navigator]: Getting path...
[planner_server-4] [INFO] [1790815508.314905795] [planner_server]: Computing path to goal.
[python3-8] [INFO] [1790815508.324705414] [basic_navigator]: Smoothing path...
[smoother_server-5] [INFO] [1790815508.325435393] [smoother_server]: Received a path to smooth.
[python3-8] [INFO] [1790815508.328549660] [basic_navigator]: Smoothing path...
[smoother_server-5] [INFO] [1790815508.328985009] [smoother_server]: Received a path to smooth.
[python3-8] [INFO] [1790815508.336929950] [basic_navigator]: Smoothing path...
[smoother_server-5] [INFO] [1790815508.337514383] [smoother_server]: Received a path to smooth.
[python3-8] Cycle:  31 out of:  100
[python3-8] Start geometry_msgs.msg.PoseStamped(header=std_msgs.msg.Header(stamp=builtin_interfaces.msg.Time(sec=1790815498, nanosec=648624723), frame_id='map'), pose=geometry_msgs.msg.Pose(position=geometry_msgs.msg.Point(x=5.550000082701445, y=3.5500000528991222, z=0.0), orientation=geometry_msgs.msg.Quaternion(x=0.0, y=0.0, z=0.09723726122146997, w=0.9952612295423486)))
[python3-8] Goal geometry_msgs.msg.PoseStamped(header=std_msgs.msg.Header(stamp=builtin_interfaces.msg.Time(sec=1790815498, nanosec=648624723), frame_id='map'), pose=geometry_msgs.msg.Pose(position=geometry_msgs.msg.Point(x=6.70000009983778, y=8.600000128149986, z=0.0), orientation=geometry_msgs.msg.Quaternion(x=-0.0, y=0.0, z=0.9890522319756376, w=-0.14756585792116517)))
[python3-8] [INFO] [1790815508.340200381] [basic_navigator]: Getting path...
[planner_server-4] [INFO] [1790815508.340450139] [planner_server]: Computing path to goal.
[planner_server-4] [WARN] [1790815508.341033458] [planner_server]: SmacHybridplugin failed to plan from (5.55, 3.55) [q: 0.00, 0.00, 0.10, 1.00] (yaw: 0.19) to (6.70, 8.60) [q: -0.00, 0.00, 0.99, -0.15] (yaw: -2.85): "no valid path found"
[planner_server-4] [WARN] [1790815508.341049476] [planner_server]: [compute_path_to_pose] [ActionServer] Aborting handle. error_code:208, error_msg:'SmacHybridplugin failed to plan from (5.55, 3.55) [q: 0.00, 0.00, 0.10, 1.00] (yaw: 0.19) to (6.70, 8.60) [q: -0.00, 0.00, 0.99, -0.15] (yaw: -2.85): "no valid path found"'.
[python3-8] SmacHybrid planner failed to produce the path
[python3-8] Cycle:  31 out of:  100
[python3-8] Start geometry_msgs.msg.PoseStamped(header=std_msgs.msg.Header(stamp=builtin_interfaces.msg.Time(sec=1790815498, nanosec=648624723), frame_id='map'), pose=geometry_msgs.msg.Pose(position=geometry_msgs.msg.Point(x=9.450000140815973, y=7.200000107288361, z=0.0), orientation=geometry_msgs.msg.Quaternion(x=0.0, y=0.0, z=0.09038581999962438, w=0.9959068247296007)))
[python3-8] Goal geometry_msgs.msg.PoseStamped(header=std_msgs.msg.Header(stamp=builtin_interfaces.msg.Time(sec=1790815498, nanosec=648624723), frame_id='map'), pose=geometry_msgs.msg.Pose(position=geometry_msgs.msg.Point(x=5.15000007674098, y=3.400000050663948, z=0.0), orientation=geometry_msgs.msg.Quaternion(x=-0.0, y=0.0, z=0.6163466076338596, w=-0.787474989608072)))
[python3-8] [INFO] [1790815508.341838569] [basic_navigator]: Getting path...
[planner_server-4] [INFO] [1790815508.342014295] [planner_server]: Computing path to goal.
[python3-8] [INFO] [1790815508.345842289] [basic_navigator]: Smoothing path...
[smoother_server-5] [INFO] [1790815508.346219868] [smoother_server]: Received a path to smooth.
[python3-8] [INFO] [1790815508.348545624] [basic_navigator]: Smoothing path...
[smoother_server-5] [INFO] [1790815508.348894911] [smoother_server]: Received a path to smooth.
[python3-8] [INFO] [1790815508.355231706] [basic_navigator]: Smoothing path...
[smoother_server-5] [INFO] [1790815508.355745506] [smoother_server]: Received a path to smooth.
[python3-8] Cycle:  32 out of:  100
[python3-8] Start geometry_msgs.msg.PoseStamped(header=std_msgs.msg.Header(stamp=builtin_interfaces.msg.Time(sec=1790815498, nanosec=648624723), frame_id='map'), pose=geometry_msgs.msg.Pose(position=geometry_msgs.msg.Point(x=1.2500000186264515, y=5.750000085681677, z=0.0), orientation=geometry_msgs.msg.Quaternion(x=-0.0, y=0.0, z=0.4551339268395632, w=-0.8904229942221837)))
[python3-8] Goal geometry_msgs.msg.PoseStamped(header=std_msgs.msg.Header(stamp=builtin_interfaces.msg.Time(sec=1790815498, nanosec=648624723), frame_id='map'), pose=geometry_msgs.msg.Pose(position=geometry_msgs.msg.Point(x=13.750000204890966, y=11.150000166147947, z=0.0), orientation=geometry_msgs.msg.Quaternion(x=0.0, y=0.0, z=0.838507172116518, w=0.5448905599376448)))
[python3-8] [INFO] [1790815508.358119574] [basic_navigator]: Getting path...
[planner_server-4] [INFO] [1790815508.358453615] [planner_server]: Computing path to goal.
[rviz2-7] [INFO] [1790815508.624883898] [nav2_rviz_selector_node]: controller_server service not available
[planner_server-4] [WARN] [1790815509.174826728] [planner_server]: SmacHybridplugin failed to plan from (1.25, 5.75) [q: -0.00, 0.00, 0.46, -0.89] (yaw: -0.95) to (13.75, 11.15) [q: 0.00, 0.00, 0.84, 0.54] (yaw: 1.99): "exceeded maximum iterations"
[planner_server-4] [WARN] [1790815509.174861061] [planner_server]: [compute_path_to_pose] [ActionServer] Aborting handle. error_code:207, error_msg:'SmacHybridplugin failed to plan from (1.25, 5.75) [q: -0.00, 0.00, 0.46, -0.89] (yaw: -0.95) to (13.75, 11.15) [q: 0.00, 0.00, 0.84, 0.54] (yaw: 1.99): "exceeded maximum iterations"'.
[python3-8] SmacHybrid planner failed to produce the path
[python3-8] Cycle:  32 out of:  100
[python3-8] Start geometry_msgs.msg.PoseStamped(header=std_msgs.msg.Header(stamp=builtin_interfaces.msg.Time(sec=1790815498, nanosec=648624723), frame_id='map'), pose=geometry_msgs.msg.Pose(position=geometry_msgs.msg.Point(x=9.600000143051147, y=13.550000201910734, z=0.0), orientation=geometry_msgs.msg.Quaternion(x=-0.0, y=0.0, z=0.5841216930417074, w=-0.8116660937344182)))
[python3-8] Goal geometry_msgs.msg.PoseStamped(header=std_msgs.msg.Header(stamp=builtin_interfaces.msg.Time(sec=1790815498, nanosec=648624723), frame_id='map'), pose=geometry_msgs.msg.Pose(position=geometry_msgs.msg.Point(x=6.70000009983778, y=9.450000140815973, z=0.0), orientation=geometry_msgs.msg.Quaternion(x=-0.0, y=0.0, z=0.12127482364381466, w=-0.9926189687640277)))
[python3-8] [INFO] [1790815509.175972143] [basic_navigator]: Getting path...
[planner_server-4] [INFO] [1790815509.176298079] [planner_server]: Computing path to goal.
[planner_server-4] [WARN] [1790815509.381262647] [planner_server]: Planner loop missed its desired rate of 20.0000 Hz. Current loop rate is 4.8789 Hz
[python3-8] [INFO] [1790815509.382898433] [basic_navigator]: Smoothing path...
[smoother_server-5] [INFO] [1790815509.383541405] [smoother_server]: Received a path to smooth.
[python3-8] [INFO] [1790815509.386110517] [basic_navigator]: Smoothing path...
[smoother_server-5] [INFO] [1790815509.386756848] [smoother_server]: Received a path to smooth.
[python3-8] [INFO] [1790815509.395084239] [basic_navigator]: Smoothing path...
[smoother_server-5] [INFO] [1790815509.395654126] [smoother_server]: Received a path to smooth.
[python3-8] Cycle:  33 out of:  100
[python3-8] Start geometry_msgs.msg.PoseStamped(header=std_msgs.msg.Header(stamp=builtin_interfaces.msg.Time(sec=1790815498, nanosec=648624723), frame_id='map'), pose=geometry_msgs.msg.Pose(position=geometry_msgs.msg.Point(x=14.100000210106373, y=0.850000012665987, z=0.0), orientation=geometry_msgs.msg.Quaternion(x=-0.0, y=0.0, z=0.9876306542048897, w=-0.1567982489533017)))
[python3-8] Goal geometry_msgs.msg.PoseStamped(header=std_msgs.msg.Header(stamp=builtin_interfaces.msg.Time(sec=1790815498, nanosec=648624723), frame_id='map'), pose=geometry_msgs.msg.Pose(position=geometry_msgs.msg.Point(x=7.1000001057982445, y=2.7500000409781933, z=0.0), orientation=geometry_msgs.msg.Quaternion(x=0.0, y=0.0, z=0.9871319618208614, w=0.15990775450770808)))
[python3-8] [INFO] [1790815509.398058359] [basic_navigator]: Getting path...
[planner_server-4] [INFO] [1790815509.398410245] [planner_server]: Computing path to goal.
[python3-8] [INFO] [1790815509.404047109] [basic_navigator]: Smoothing path...
[smoother_server-5] [INFO] [1790815509.404477179] [smoother_server]: Received a path to smooth.
[python3-8] [INFO] [1790815509.406950620] [basic_navigator]: Smoothing path...
[smoother_server-5] [INFO] [1790815509.407480205] [smoother_server]: Received a path to smooth.
[python3-8] [INFO] [1790815509.410580333] [basic_navigator]: Smoothing path...
[smoother_server-5] [INFO] [1790815509.411094318] [smoother_server]: Received a path to smooth.
[python3-8] Cycle:  34 out of:  100
[python3-8] Start geometry_msgs.msg.PoseStamped(header=std_msgs.msg.Header(stamp=builtin_interfaces.msg.Time(sec=1790815498, nanosec=648624723), frame_id='map'), pose=geometry_msgs.msg.Pose(position=geometry_msgs.msg.Point(x=2.500000037252903, y=8.25000012293458, z=0.0), orientation=geometry_msgs.msg.Quaternion(x=0.0, y=0.0, z=0.8531060411752154, w=0.5217375609541177)))
[python3-8] Goal geometry_msgs.msg.PoseStamped(header=std_msgs.msg.Header(stamp=builtin_interfaces.msg.Time(sec=1790815498, nanosec=648624723), frame_id='map'), pose=geometry_msgs.msg.Pose(position=geometry_msgs.msg.Point(x=12.450000185519457, y=5.000000074505806, z=0.0), orientation=geometry_msgs.msg.Quaternion(x=-0.0, y=0.0, z=0.5622738165719229, w=-0.8269511201985542)))
[python3-8] [INFO] [1790815509.413555214] [basic_navigator]: Getting path...
[planner_server-4] [INFO] [1790815509.413848014] [planner_server]: Computing path to goal.
[python3-8] [INFO] [1790815509.425720887] [basic_navigator]: Smoothing path...
[smoother_server-5] [INFO] [1790815509.426425437] [smoother_server]: Received a path to smooth.
[python3-8] [INFO] [1790815509.429136909] [basic_navigator]: Smoothing path...
[smoother_server-5] [INFO] [1790815509.429654190] [smoother_server]: Received a path to smooth.
[python3-8] [INFO] [1790815509.442227549] [basic_navigator]: Smoothing path...
[smoother_server-5] [INFO] [1790815509.442870691] [smoother_server]: Received a path to smooth.
[python3-8] Cycle:  35 out of:  100
[python3-8] Start geometry_msgs.msg.PoseStamped(header=std_msgs.msg.Header(stamp=builtin_interfaces.msg.Time(sec=1790815498, nanosec=648624723), frame_id='map'), pose=geometry_msgs.msg.Pose(position=geometry_msgs.msg.Point(x=9.450000140815973, y=10.000000149011612, z=0.0), orientation=geometry_msgs.msg.Quaternion(x=0.0, y=0.0, z=0.8117790599936058, w=0.5839646887919661)))
[python3-8] Goal geometry_msgs.msg.PoseStamped(header=std_msgs.msg.Header(stamp=builtin_interfaces.msg.Time(sec=1790815498, nanosec=648624723), frame_id='map'), pose=geometry_msgs.msg.Pose(position=geometry_msgs.msg.Point(x=0.5000000074505806, y=8.800000131130219, z=0.0), orientation=geometry_msgs.msg.Quaternion(x=0.0, y=0.0, z=0.8299830442897927, w=0.5577886214252205)))
[python3-8] [INFO] [1790815509.445885996] [basic_navigator]: Getting path...
[planner_server-4] [INFO] [1790815509.446158848] [planner_server]: Computing path to goal.
[planner_server-4] [WARN] [1790815509.588921867] [planner_server]: Planner loop missed its desired rate of 20.0000 Hz. Current loop rate is 7.0046 Hz
[python3-8] [INFO] [1790815509.591302168] [basic_navigator]: Smoothing path...
[smoother_server-5] [INFO] [1790815509.592228030] [smoother_server]: Received a path to smooth.
[python3-8] [INFO] [1790815509.595266030] [basic_navigator]: Smoothing path...
[smoother_server-5] [INFO] [1790815509.595893115] [smoother_server]: Received a path to smooth.
[python3-8] [INFO] [1790815509.611180419] [basic_navigator]: Smoothing path...
[smoother_server-5] [INFO] [1790815509.611834598] [smoother_server]: Received a path to smooth.
[python3-8] Cycle:  36 out of:  100
[python3-8] Start geometry_msgs.msg.PoseStamped(header=std_msgs.msg.Header(stamp=builtin_interfaces.msg.Time(sec=1790815498, nanosec=648624723), frame_id='map'), pose=geometry_msgs.msg.Pose(position=geometry_msgs.msg.Point(x=11.10000016540289, y=2.1000000312924385, z=0.0), orientation=geometry_msgs.msg.Quaternion(x=-0.0, y=0.0, z=0.9938760886365784, w=-0.11050031871653694)))
[python3-8] Goal geometry_msgs.msg.PoseStamped(header=std_msgs.msg.Header(stamp=builtin_interfaces.msg.Time(sec=1790815498, nanosec=648624723), frame_id='map'), pose=geometry_msgs.msg.Pose(position=geometry_msgs.msg.Point(x=5.15000007674098, y=8.650000128895044, z=0.0), orientation=geometry_msgs.msg.Quaternion(x=-0.0, y=0.0, z=0.4041940319995666, w=-0.9146732665252294)))
[python3-8] [INFO] [1790815509.614866075] [basic_navigator]: Getting path...
[planner_server-4] [INFO] [1790815509.615246833] [planner_server]: Computing path to goal.
[rviz2-7] [INFO] [1790815509.627717549] [nav2_rviz_selector_node]: controller_server service not available
[planner_server-4] [WARN] [1790815510.236743520] [planner_server]: Planner loop missed its desired rate of 20.0000 Hz. Current loop rate is 1.6090 Hz
[python3-8] [INFO] [1790815510.238919205] [basic_navigator]: Smoothing path...
[smoother_server-5] [INFO] [1790815510.239802893] [smoother_server]: Received a path to smooth.
[python3-8] [INFO] [1790815510.242889938] [basic_navigator]: Smoothing path...
[smoother_server-5] [INFO] [1790815510.243517395] [smoother_server]: Received a path to smooth.
[python3-8] [INFO] [1790815510.257395743] [basic_navigator]: Smoothing path...
[smoother_server-5] [INFO] [1790815510.258182106] [smoother_server]: Received a path to smooth.
[python3-8] Cycle:  37 out of:  100
[python3-8] Start geometry_msgs.msg.PoseStamped(header=std_msgs.msg.Header(stamp=builtin_interfaces.msg.Time(sec=1790815498, nanosec=648624723), frame_id='map'), pose=geometry_msgs.msg.Pose(position=geometry_msgs.msg.Point(x=3.7000000551342964, y=13.100000195205212, z=0.0), orientation=geometry_msgs.msg.Quaternion(x=0.0, y=0.0, z=0.961731148610978, w=0.2739948864329571)))
[python3-8] Goal geometry_msgs.msg.PoseStamped(header=std_msgs.msg.Header(stamp=builtin_interfaces.msg.Time(sec=1790815498, nanosec=648624723), frame_id='map'), pose=geometry_msgs.msg.Pose(position=geometry_msgs.msg.Point(x=7.850000116974115, y=4.700000070035458, z=0.0), orientation=geometry_msgs.msg.Quaternion(x=-0.0, y=0.0, z=0.9580633130279778, w=-0.2865566056294201)))
[python3-8] [INFO] [1790815510.262971439] [basic_navigator]: Getting path...
[planner_server-4] [INFO] [1790815510.263498199] [planner_server]: Computing path to goal.
[python3-8] [INFO] [1790815510.294721960] [basic_navigator]: Smoothing path...
[smoother_server-5] [INFO] [1790815510.296466192] [smoother_server]: Received a path to smooth.
[python3-8] [INFO] [1790815510.302906784] [basic_navigator]: Smoothing path...
[smoother_server-5] [INFO] [1790815510.303841710] [smoother_server]: Received a path to smooth.
[python3-8] [INFO] [1790815510.317303727] [basic_navigator]: Smoothing path...
[smoother_server-5] [INFO] [1790815510.317926328] [smoother_server]: Received a path to smooth.
[python3-8] Cycle:  38 out of:  100
[python3-8] Start geometry_msgs.msg.PoseStamped(header=std_msgs.msg.Header(stamp=builtin_interfaces.msg.Time(sec=1790815498, nanosec=648624723), frame_id='map'), pose=geometry_msgs.msg.Pose(position=geometry_msgs.msg.Point(x=14.100000210106373, y=11.500000171363354, z=0.0), orientation=geometry_msgs.msg.Quaternion(x=-0.0, y=0.0, z=0.3449051810878379, w=-0.9386375317761195)))
[python3-8] Goal geometry_msgs.msg.PoseStamped(header=std_msgs.msg.Header(stamp=builtin_interfaces.msg.Time(sec=1790815498, nanosec=648624723), frame_id='map'), pose=geometry_msgs.msg.Pose(position=geometry_msgs.msg.Point(x=3.6500000543892384, y=13.000000193715096, z=0.0), orientation=geometry_msgs.msg.Quaternion(x=0.0, y=0.0, z=0.03680697997353718, w=0.9993223935373547)))
[python3-8] [INFO] [1790815510.320778958] [basic_navigator]: Getting path...
[planner_server-4] [INFO] [1790815510.321187662] [planner_server]: Computing path to goal.
[planner_server-4] [WARN] [1790815510.484560585] [planner_server]: Planner loop missed its desired rate of 20.0000 Hz. Current loop rate is 6.1210 Hz
[python3-8] [INFO] [1790815510.486628370] [basic_navigator]: Smoothing path...
[smoother_server-5] [INFO] [1790815510.487518342] [smoother_server]: Received a path to smooth.
[python3-8] [INFO] [1790815510.490546872] [basic_navigator]: Smoothing path...
[smoother_server-5] [INFO] [1790815510.491163117] [smoother_server]: Received a path to smooth.
[python3-8] [INFO] [1790815510.506699219] [basic_navigator]: Smoothing path...
[smoother_server-5] [INFO] [1790815510.507432851] [smoother_server]: Received a path to smooth.
[python3-8] Cycle:  39 out of:  100
[python3-8] Start geometry_msgs.msg.PoseStamped(header=std_msgs.msg.Header(stamp=builtin_interfaces.msg.Time(sec=1790815498, nanosec=648624723), frame_id='map'), pose=geometry_msgs.msg.Pose(position=geometry_msgs.msg.Point(x=7.600000113248825, y=9.100000135600567, z=0.0), orientation=geometry_msgs.msg.Quaternion(x=-0.0, y=0.0, z=0.1087885235208178, w=-0.994064915963822)))
[python3-8] Goal geometry_msgs.msg.PoseStamped(header=std_msgs.msg.Header(stamp=builtin_interfaces.msg.Time(sec=1790815498, nanosec=648624723), frame_id='map'), pose=geometry_msgs.msg.Pose(position=geometry_msgs.msg.Point(x=12.650000188499689, y=8.50000012665987, z=0.0), orientation=geometry_msgs.msg.Quaternion(x=-0.0, y=0.0, z=0.6969988314770308, w=-0.7170722619929275)))
[python3-8] [INFO] [1790815510.510975558] [basic_navigator]: Getting path...
[planner_server-4] [INFO] [1790815510.511280202] [planner_server]: Computing path to goal.
[python3-8] [INFO] [1790815510.515452414] [basic_navigator]: Smoothing path...
[smoother_server-5] [INFO] [1790815510.515895942] [smoother_server]: Received a path to smooth.
[python3-8] [INFO] [1790815510.518252365] [basic_navigator]: Smoothing path...
[smoother_server-5] [INFO] [1790815510.518645500] [smoother_server]: Received a path to smooth.
[python3-8] [INFO] [1790815510.520977520] [basic_navigator]: Smoothing path...
[smoother_server-5] [INFO] [1790815510.521268161] [smoother_server]: Received a path to smooth.
[python3-8] Cycle:  40 out of:  100
[python3-8] Start geometry_msgs.msg.PoseStamped(header=std_msgs.msg.Header(stamp=builtin_interfaces.msg.Time(sec=1790815498, nanosec=648624723), frame_id='map'), pose=geometry_msgs.msg.Pose(position=geometry_msgs.msg.Point(x=3.35000004991889, y=2.600000038743019, z=0.0), orientation=geometry_msgs.msg.Quaternion(x=-0.0, y=0.0, z=0.9823445759373012, w=-0.18708055518028552)))
[python3-8] Goal geometry_msgs.msg.PoseStamped(header=std_msgs.msg.Header(stamp=builtin_interfaces.msg.Time(sec=1790815498, nanosec=648624723), frame_id='map'), pose=geometry_msgs.msg.Pose(position=geometry_msgs.msg.Point(x=3.6500000543892384, y=14.300000213086605, z=0.0), orientation=geometry_msgs.msg.Quaternion(x=-0.0, y=0.0, z=0.8933443948222138, w=-0.4493726652119959)))
[python3-8] [INFO] [1790815510.523702574] [basic_navigator]: Getting path...
[planner_server-4] [INFO] [1790815510.523937448] [planner_server]: Computing path to goal.
[rviz2-7] [INFO] [1790815510.631252849] [nav2_rviz_selector_node]: controller_server service not available
[rviz2-7] [INFO] [1790815510.632802627] [nav2_rviz_selector_node]: Failed to load plugins. Retrying...
[planner_server-4] [WARN] [1790815511.234232405] [planner_server]: Planner loop missed its desired rate of 20.0000 Hz. Current loop rate is 1.4079 Hz
[python3-8] [INFO] [1790815511.236533797] [basic_navigator]: Smoothing path...
[smoother_server-5] [INFO] [1790815511.237198281] [smoother_server]: Received a path to smooth.
[python3-8] [INFO] [1790815511.240396248] [basic_navigator]: Smoothing path...
[smoother_server-5] [INFO] [1790815511.241066766] [smoother_server]: Received a path to smooth.
[python3-8] [INFO] [1790815511.260495221] [basic_navigator]: Smoothing path...
[smoother_server-5] [INFO] [1790815511.261109544] [smoother_server]: Received a path to smooth.
[python3-8] Cycle:  41 out of:  100
[python3-8] Start geometry_msgs.msg.PoseStamped(header=std_msgs.msg.Header(stamp=builtin_interfaces.msg.Time(sec=1790815498, nanosec=648624723), frame_id='map'), pose=geometry_msgs.msg.Pose(position=geometry_msgs.msg.Point(x=0.9500000141561031, y=5.600000083446503, z=0.0), orientation=geometry_msgs.msg.Quaternion(x=-0.0, y=0.0, z=0.7174353967528319, w=-0.6966250436828314)))
[python3-8] Goal geometry_msgs.msg.PoseStamped(header=std_msgs.msg.Header(stamp=builtin_interfaces.msg.Time(sec=1790815498, nanosec=648624723), frame_id='map'), pose=geometry_msgs.msg.Pose(position=geometry_msgs.msg.Point(x=10.200000151991844, y=11.500000171363354, z=0.0), orientation=geometry_msgs.msg.Quaternion(x=0.0, y=0.0, z=0.09764659160854448, w=0.9952211528837368)))
[python3-8] [INFO] [1790815511.264848498] [basic_navigator]: Getting path...
[planner_server-4] [INFO] [1790815511.265135785] [planner_server]: Computing path to goal.
[python3-8] [INFO] [1790815511.302313670] [basic_navigator]: Smoothing path...
[smoother_server-5] [INFO] [1790815511.303091836] [smoother_server]: Received a path to smooth.
[python3-8] [INFO] [1790815511.307828941] [basic_navigator]: Smoothing path...
[smoother_server-5] [INFO] [1790815511.308662926] [smoother_server]: Received a path to smooth.
[python3-8] [INFO] [1790815511.329329348] [basic_navigator]: Smoothing path...
[smoother_server-5] [INFO] [1790815511.331013403] [smoother_server]: Received a path to smooth.
[python3-8] Cycle:  42 out of:  100
[python3-8] Start geometry_msgs.msg.PoseStamped(header=std_msgs.msg.Header(stamp=builtin_interfaces.msg.Time(sec=1790815498, nanosec=648624723), frame_id='map'), pose=geometry_msgs.msg.Pose(position=geometry_msgs.msg.Point(x=9.850000146776438, y=14.45000021532178, z=0.0), orientation=geometry_msgs.msg.Quaternion(x=0.0, y=0.0, z=0.06433605075204046, w=0.9979282902962672)))
[python3-8] Goal geometry_msgs.msg.PoseStamped(header=std_msgs.msg.Header(stamp=builtin_interfaces.msg.Time(sec=1790815498, nanosec=648624723), frame_id='map'), pose=geometry_msgs.msg.Pose(position=geometry_msgs.msg.Point(x=2.7500000409781933, y=12.000000178813934, z=0.0), orientation=geometry_msgs.msg.Quaternion(x=-0.0, y=0.0, z=0.31852432461510594, w=-0.9479146874210203)))
[python3-8] [INFO] [1790815511.336606077] [basic_navigator]: Getting path...
[planner_server-4] [INFO] [1790815511.336928273] [planner_server]: Computing path to goal.
[planner_server-4] [WARN] [1790815511.387510749] [planner_server]: Planner loop missed its desired rate of 20.0000 Hz. Current loop rate is 19.7688 Hz
[python3-8] [INFO] [1790815511.389587349] [basic_navigator]: Smoothing path...
[smoother_server-5] [INFO] [1790815511.390244230] [smoother_server]: Received a path to smooth.
[python3-8] [INFO] [1790815511.393133873] [basic_navigator]: Smoothing path...
[smoother_server-5] [INFO] [1790815511.393567712] [smoother_server]: Received a path to smooth.
[python3-8] [INFO] [1790815511.397891264] [basic_navigator]: Smoothing path...
[smoother_server-5] [INFO] [1790815511.398413753] [smoother_server]: Received a path to smooth.
[python3-8] Cycle:  43 out of:  100
[python3-8] Start geometry_msgs.msg.PoseStamped(header=std_msgs.msg.Header(stamp=builtin_interfaces.msg.Time(sec=1790815498, nanosec=648624723), frame_id='map'), pose=geometry_msgs.msg.Pose(position=geometry_msgs.msg.Point(x=4.400000065565109, y=4.300000064074993, z=0.0), orientation=geometry_msgs.msg.Quaternion(x=0.0, y=0.0, z=0.9999839387520049, w=0.005667648368282097)))
[python3-8] Goal geometry_msgs.msg.PoseStamped(header=std_msgs.msg.Header(stamp=builtin_interfaces.msg.Time(sec=1790815498, nanosec=648624723), frame_id='map'), pose=geometry_msgs.msg.Pose(position=geometry_msgs.msg.Point(x=4.250000063329935, y=13.700000204145908, z=0.0), orientation=geometry_msgs.msg.Quaternion(x=0.0, y=0.0, z=0.6030417947071305, w=0.7977095924184459)))
[python3-8] [INFO] [1790815511.401072340] [basic_navigator]: Getting path...
[planner_server-4] [INFO] [1790815511.401338748] [planner_server]: Computing path to goal.
[python3-8] [INFO] [1790815511.425571775] [basic_navigator]: Smoothing path...
[smoother_server-5] [INFO] [1790815511.426256340] [smoother_server]: Received a path to smooth.
[python3-8] [INFO] [1790815511.429886200] [basic_navigator]: Smoothing path...
[smoother_server-5] [INFO] [1790815511.430607864] [smoother_server]: Received a path to smooth.
[python3-8] [INFO] [1790815511.449389060] [basic_navigator]: Smoothing path...
[smoother_server-5] [INFO] [1790815511.449956656] [smoother_server]: Received a path to smooth.
[python3-8] Cycle:  44 out of:  100
[python3-8] Start geometry_msgs.msg.PoseStamped(header=std_msgs.msg.Header(stamp=builtin_interfaces.msg.Time(sec=1790815498, nanosec=648624723), frame_id='map'), pose=geometry_msgs.msg.Pose(position=geometry_msgs.msg.Point(x=3.9000000581145287, y=6.800000101327896, z=0.0), orientation=geometry_msgs.msg.Quaternion(x=0.0, y=0.0, z=0.14546924137533918, w=0.9893627746250024)))
[python3-8] Goal geometry_msgs.msg.PoseStamped(header=std_msgs.msg.Header(stamp=builtin_interfaces.msg.Time(sec=1790815498, nanosec=648624723), frame_id='map'), pose=geometry_msgs.msg.Pose(position=geometry_msgs.msg.Point(x=10.650000158697367, y=14.45000021532178, z=0.0), orientation=geometry_msgs.msg.Quaternion(x=-0.0, y=0.0, z=0.6890251165402549, w=-0.7247374619658405)))
[python3-8] [INFO] [1790815511.453128984] [basic_navigator]: Getting path...
[planner_server-4] [INFO] [1790815511.453385296] [planner_server]: Computing path to goal.
[rviz2-7] [INFO] [1790815511.620787330] [nav2_rviz_selector_node]: Trying to load plugins...
[planner_server-4] [WARN] [1790815512.335260556] [planner_server]: SmacHybridplugin failed to plan from (3.90, 6.80) [q: 0.00, 0.00, 0.15, 0.99] (yaw: 0.29) to (10.65, 14.45) [q: -0.00, 0.00, 0.69, -0.72] (yaw: -1.52): "exceeded maximum iterations"
[planner_server-4] [WARN] [1790815512.335305137] [planner_server]: [compute_path_to_pose] [ActionServer] Aborting handle. error_code:207, error_msg:'SmacHybridplugin failed to plan from (3.90, 6.80) [q: 0.00, 0.00, 0.15, 0.99] (yaw: 0.29) to (10.65, 14.45) [q: -0.00, 0.00, 0.69, -0.72] (yaw: -1.52): "exceeded maximum iterations"'.
[python3-8] SmacHybrid planner failed to produce the path
[python3-8] Cycle:  44 out of:  100
[python3-8] Start geometry_msgs.msg.PoseStamped(header=std_msgs.msg.Header(stamp=builtin_interfaces.msg.Time(sec=1790815498, nanosec=648624723), frame_id='map'), pose=geometry_msgs.msg.Pose(position=geometry_msgs.msg.Point(x=2.450000036507845, y=13.100000195205212, z=0.0), orientation=geometry_msgs.msg.Quaternion(x=-0.0, y=0.0, z=0.8310467451583647, w=-0.5562025776294891)))
[python3-8] Goal geometry_msgs.msg.PoseStamped(header=std_msgs.msg.Header(stamp=builtin_interfaces.msg.Time(sec=1790815498, nanosec=648624723), frame_id='map'), pose=geometry_msgs.msg.Pose(position=geometry_msgs.msg.Point(x=7.1500001065433025, y=9.700000144541264, z=0.0), orientation=geometry_msgs.msg.Quaternion(x=0.0, y=0.0, z=0.9268437395278155, w=0.3754473098826185)))
[python3-8] [INFO] [1790815512.336541752] [basic_navigator]: Getting path...
[planner_server-4] [INFO] [1790815512.336845916] [planner_server]: Computing path to goal.
[planner_server-4] [WARN] [1790815512.439830015] [planner_server]: Planner loop missed its desired rate of 20.0000 Hz. Current loop rate is 9.7102 Hz
[python3-8] [INFO] [1790815512.441431048] [basic_navigator]: Smoothing path...
[smoother_server-5] [INFO] [1790815512.442231422] [smoother_server]: Received a path to smooth.
[python3-8] [INFO] [1790815512.444726052] [basic_navigator]: Smoothing path...
[smoother_server-5] [INFO] [1790815512.445450235] [smoother_server]: Received a path to smooth.
[python3-8] [INFO] [1790815512.450325383] [basic_navigator]: Smoothing path...
[smoother_server-5] [INFO] [1790815512.450825619] [smoother_server]: Received a path to smooth.
[python3-8] Cycle:  45 out of:  100
[python3-8] Start geometry_msgs.msg.PoseStamped(header=std_msgs.msg.Header(stamp=builtin_interfaces.msg.Time(sec=1790815498, nanosec=648624723), frame_id='map'), pose=geometry_msgs.msg.Pose(position=geometry_msgs.msg.Point(x=13.450000200420618, y=13.800000205636024, z=0.0), orientation=geometry_msgs.msg.Quaternion(x=0.0, y=0.0, z=0.006282760280292354, w=0.9999802632668608)))
[python3-8] Goal geometry_msgs.msg.PoseStamped(header=std_msgs.msg.Header(stamp=builtin_interfaces.msg.Time(sec=1790815498, nanosec=648624723), frame_id='map'), pose=geometry_msgs.msg.Pose(position=geometry_msgs.msg.Point(x=9.450000140815973, y=5.600000083446503, z=0.0), orientation=geometry_msgs.msg.Quaternion(x=0.0, y=0.0, z=0.46193113109917716, w=0.8869157965226658)))
[python3-8] [INFO] [1790815512.453378198] [basic_navigator]: Getting path...
[planner_server-4] [INFO] [1790815512.453806386] [planner_server]: Computing path to goal.
[planner_server-4] [WARN] [1790815512.523807907] [planner_server]: Planner loop missed its desired rate of 20.0000 Hz. Current loop rate is 14.2854 Hz
[python3-8] [INFO] [1790815512.525907195] [basic_navigator]: Smoothing path...
[smoother_server-5] [INFO] [1790815512.526650201] [smoother_server]: Received a path to smooth.
[python3-8] [INFO] [1790815512.529585839] [basic_navigator]: Smoothing path...
[smoother_server-5] [INFO] [1790815512.530356426] [smoother_server]: Received a path to smooth.
[python3-8] [INFO] [1790815512.544833053] [basic_navigator]: Smoothing path...
[smoother_server-5] [INFO] [1790815512.545542721] [smoother_server]: Received a path to smooth.
[python3-8] Cycle:  46 out of:  100
[python3-8] Start geometry_msgs.msg.PoseStamped(header=std_msgs.msg.Header(stamp=builtin_interfaces.msg.Time(sec=1790815498, nanosec=648624723), frame_id='map'), pose=geometry_msgs.msg.Pose(position=geometry_msgs.msg.Point(x=5.500000081956387, y=7.500000111758709, z=0.0), orientation=geometry_msgs.msg.Quaternion(x=-0.0, y=0.0, z=0.6538649969947327, w=-0.756611238156742)))
[python3-8] Goal geometry_msgs.msg.PoseStamped(header=std_msgs.msg.Header(stamp=builtin_interfaces.msg.Time(sec=1790815498, nanosec=648624723), frame_id='map'), pose=geometry_msgs.msg.Pose(position=geometry_msgs.msg.Point(x=3.500000052154064, y=3.250000048428774, z=0.0), orientation=geometry_msgs.msg.Quaternion(x=-0.0, y=0.0, z=0.8898630933730013, w=-0.45622765704484985)))
[python3-8] [INFO] [1790815512.549483683] [basic_navigator]: Getting path...
[planner_server-4] [INFO] [1790815512.549768024] [planner_server]: Computing path to goal.
[python3-8] [INFO] [1790815512.554244756] [basic_navigator]: Smoothing path...
[smoother_server-5] [INFO] [1790815512.554594818] [smoother_server]: Received a path to smooth.
[python3-8] [INFO] [1790815512.557232888] [basic_navigator]: Smoothing path...
[smoother_server-5] [INFO] [1790815512.557603269] [smoother_server]: Received a path to smooth.
[python3-8] [INFO] [1790815512.563905526] [basic_navigator]: Smoothing path...
[smoother_server-5] [INFO] [1790815512.564290326] [smoother_server]: Received a path to smooth.
[python3-8] Cycle:  47 out of:  100
[python3-8] Start geometry_msgs.msg.PoseStamped(header=std_msgs.msg.Header(stamp=builtin_interfaces.msg.Time(sec=1790815498, nanosec=648624723), frame_id='map'), pose=geometry_msgs.msg.Pose(position=geometry_msgs.msg.Point(x=4.000000059604645, y=11.000000163912773, z=0.0), orientation=geometry_msgs.msg.Quaternion(x=-0.0, y=0.0, z=0.6300345484742121, w=-0.7765671044596826)))
[python3-8] Goal geometry_msgs.msg.PoseStamped(header=std_msgs.msg.Header(stamp=builtin_interfaces.msg.Time(sec=1790815498, nanosec=648624723), frame_id='map'), pose=geometry_msgs.msg.Pose(position=geometry_msgs.msg.Point(x=2.9500000439584255, y=2.0500000305473804, z=0.0), orientation=geometry_msgs.msg.Quaternion(x=0.0, y=0.0, z=0.09565570569768017, w=0.9954144794845405)))
[python3-8] [INFO] [1790815512.566079442] [basic_navigator]: Getting path...
[planner_server-4] [INFO] [1790815512.566203525] [planner_server]: Computing path to goal.
[rviz2-7] [INFO] [1790815512.622240426] [nav2_rviz_selector_node]: controller_server service not available
[planner_server-4] [WARN] [1790815513.457761937] [planner_server]: SmacHybridplugin failed to plan from (4.00, 11.00) [q: -0.00, 0.00, 0.63, -0.78] (yaw: -1.36) to (2.95, 2.05) [q: 0.00, 0.00, 0.10, 1.00] (yaw: 0.19): "exceeded maximum iterations"
[planner_server-4] [WARN] [1790815513.457806496] [planner_server]: [compute_path_to_pose] [ActionServer] Aborting handle. error_code:207, error_msg:'SmacHybridplugin failed to plan from (4.00, 11.00) [q: -0.00, 0.00, 0.63, -0.78] (yaw: -1.36) to (2.95, 2.05) [q: 0.00, 0.00, 0.10, 1.00] (yaw: 0.19): "exceeded maximum iterations"'.
[python3-8] SmacHybrid planner failed to produce the path
[python3-8] Cycle:  47 out of:  100
[python3-8] Start geometry_msgs.msg.PoseStamped(header=std_msgs.msg.Header(stamp=builtin_interfaces.msg.Time(sec=1790815498, nanosec=648624723), frame_id='map'), pose=geometry_msgs.msg.Pose(position=geometry_msgs.msg.Point(x=10.500000156462193, y=14.500000216066837, z=0.0), orientation=geometry_msgs.msg.Quaternion(x=0.0, y=0.0, z=0.8760366423073828, w=0.4822445451581663)))
[python3-8] Goal geometry_msgs.msg.PoseStamped(header=std_msgs.msg.Header(stamp=builtin_interfaces.msg.Time(sec=1790815498, nanosec=648624723), frame_id='map'), pose=geometry_msgs.msg.Pose(position=geometry_msgs.msg.Point(x=10.150000151246786, y=9.80000014603138, z=0.0), orientation=geometry_msgs.msg.Quaternion(x=-0.0, y=0.0, z=0.3504594058230731, w=-0.9365779224763621)))
[python3-8] [INFO] [1790815513.459157938] [basic_navigator]: Getting path...
[planner_server-4] [INFO] [1790815513.459517826] [planner_server]: Computing path to goal.
[planner_server-4] [WARN] [1790815513.467100007] [planner_server]: SmacHybridplugin failed to plan from (10.50, 14.50) [q: 0.00, 0.00, 0.88, 0.48] (yaw: 2.14) to (10.15, 9.80) [q: -0.00, 0.00, 0.35, -0.94] (yaw: -0.72): "no valid path found"
[planner_server-4] [WARN] [1790815513.467121976] [planner_server]: [compute_path_to_pose] [ActionServer] Aborting handle. error_code:208, error_msg:'SmacHybridplugin failed to plan from (10.50, 14.50) [q: 0.00, 0.00, 0.88, 0.48] (yaw: 2.14) to (10.15, 9.80) [q: -0.00, 0.00, 0.35, -0.94] (yaw: -0.72): "no valid path found"'.
[python3-8] SmacHybrid planner failed to produce the path
[python3-8] Cycle:  47 out of:  100
[python3-8] Start geometry_msgs.msg.PoseStamped(header=std_msgs.msg.Header(stamp=builtin_interfaces.msg.Time(sec=1790815498, nanosec=648624723), frame_id='map'), pose=geometry_msgs.msg.Pose(position=geometry_msgs.msg.Point(x=13.40000019967556, y=6.150000091642141, z=0.0), orientation=geometry_msgs.msg.Quaternion(x=0.0, y=0.0, z=0.34976867099700476, w=0.9368360992131917)))
[python3-8] Goal geometry_msgs.msg.PoseStamped(header=std_msgs.msg.Header(stamp=builtin_interfaces.msg.Time(sec=1790815498, nanosec=648624723), frame_id='map'), pose=geometry_msgs.msg.Pose(position=geometry_msgs.msg.Point(x=10.200000151991844, y=9.050000134855509, z=0.0), orientation=geometry_msgs.msg.Quaternion(x=0.0, y=0.0, z=0.5071021622845203, w=0.8618859535961612)))
[python3-8] [INFO] [1790815513.468189824] [basic_navigator]: Getting path...
[planner_server-4] [INFO] [1790815513.468498486] [planner_server]: Computing path to goal.
[python3-8] [INFO] [1790815513.474938732] [basic_navigator]: Smoothing path...
[smoother_server-5] [INFO] [1790815513.475363566] [smoother_server]: Received a path to smooth.
[python3-8] [INFO] [1790815513.477133616] [basic_navigator]: Smoothing path...
[smoother_server-5] [INFO] [1790815513.477546462] [smoother_server]: Received a path to smooth.
[python3-8] [INFO] [1790815513.479676838] [basic_navigator]: Smoothing path...
[smoother_server-5] [INFO] [1790815513.479909500] [smoother_server]: Received a path to smooth.
[python3-8] Cycle:  48 out of:  100
[python3-8] Start geometry_msgs.msg.PoseStamped(header=std_msgs.msg.Header(stamp=builtin_interfaces.msg.Time(sec=1790815498, nanosec=648624723), frame_id='map'), pose=geometry_msgs.msg.Pose(position=geometry_msgs.msg.Point(x=8.350000124424696, y=1.0500000156462193, z=0.0), orientation=geometry_msgs.msg.Quaternion(x=-0.0, y=0.0, z=0.9887976431681291, w=-0.14926225532650006)))
[python3-8] Goal geometry_msgs.msg.PoseStamped(header=std_msgs.msg.Header(stamp=builtin_interfaces.msg.Time(sec=1790815498, nanosec=648624723), frame_id='map'), pose=geometry_msgs.msg.Pose(position=geometry_msgs.msg.Point(x=14.050000209361315, y=1.1500000171363354, z=0.0), orientation=geometry_msgs.msg.Quaternion(x=-0.0, y=0.0, z=0.44566046515170366, w=-0.8952020720489688)))
[python3-8] [INFO] [1790815513.482348297] [basic_navigator]: Getting path...
[planner_server-4] [INFO] [1790815513.482636720] [planner_server]: Computing path to goal.
[python3-8] [INFO] [1790815513.486188457] [basic_navigator]: Smoothing path...
[smoother_server-5] [INFO] [1790815513.486570113] [smoother_server]: Received a path to smooth.
[python3-8] [INFO] [1790815513.489116754] [basic_navigator]: Smoothing path...
[smoother_server-5] [INFO] [1790815513.489477631] [smoother_server]: Received a path to smooth.
[python3-8] [INFO] [1790815513.495692823] [basic_navigator]: Smoothing path...
[smoother_server-5] [INFO] [1790815513.495990564] [smoother_server]: Received a path to smooth.
[python3-8] Cycle:  49 out of:  100
[python3-8] Start geometry_msgs.msg.PoseStamped(header=std_msgs.msg.Header(stamp=builtin_interfaces.msg.Time(sec=1790815498, nanosec=648624723), frame_id='map'), pose=geometry_msgs.msg.Pose(position=geometry_msgs.msg.Point(x=11.450000170618296, y=12.850000191479921, z=0.0), orientation=geometry_msgs.msg.Quaternion(x=-0.0, y=0.0, z=0.17199246828129655, w=-0.985098264567808)))
[python3-8] Goal geometry_msgs.msg.PoseStamped(header=std_msgs.msg.Header(stamp=builtin_interfaces.msg.Time(sec=1790815498, nanosec=648624723), frame_id='map'), pose=geometry_msgs.msg.Pose(position=geometry_msgs.msg.Point(x=13.100000195205212, y=7.500000111758709, z=0.0), orientation=geometry_msgs.msg.Quaternion(x=-0.0, y=0.0, z=0.8051212855990073, w=-0.5931102051688217)))
[python3-8] [INFO] [1790815513.497816715] [basic_navigator]: Getting path...
[planner_server-4] [INFO] [1790815513.498016676] [planner_server]: Computing path to goal.
[python3-8] [INFO] [1790815513.500993626] [basic_navigator]: Smoothing path...
[smoother_server-5] [INFO] [1790815513.501252254] [smoother_server]: Received a path to smooth.
[python3-8] [INFO] [1790815513.504626118] [basic_navigator]: Smoothing path...
[smoother_server-5] [INFO] [1790815513.505049784] [smoother_server]: Received a path to smooth.
[python3-8] [INFO] [1790815513.507520837] [basic_navigator]: Smoothing path...
[smoother_server-5] [INFO] [1790815513.507865724] [smoother_server]: Received a path to smooth.
[python3-8] Cycle:  50 out of:  100
[python3-8] Start geometry_msgs.msg.PoseStamped(header=std_msgs.msg.Header(stamp=builtin_interfaces.msg.Time(sec=1790815498, nanosec=648624723), frame_id='map'), pose=geometry_msgs.msg.Pose(position=geometry_msgs.msg.Point(x=10.750000160187483, y=5.500000081956387, z=0.0), orientation=geometry_msgs.msg.Quaternion(x=-0.0, y=0.0, z=0.07186411495811684, w=-0.9974144319094679)))
[python3-8] Goal geometry_msgs.msg.PoseStamped(header=std_msgs.msg.Header(stamp=builtin_interfaces.msg.Time(sec=1790815498, nanosec=648624723), frame_id='map'), pose=geometry_msgs.msg.Pose(position=geometry_msgs.msg.Point(x=11.500000171363354, y=13.950000207871199, z=0.0), orientation=geometry_msgs.msg.Quaternion(x=0.0, y=0.0, z=0.9302235284822759, w=0.3669934427997108)))
[python3-8] [INFO] [1790815513.510532681] [basic_navigator]: Getting path...
[planner_server-4] [INFO] [1790815513.510861670] [planner_server]: Computing path to goal.
[python3-8] [INFO] [1790815513.516061976] [basic_navigator]: Smoothing path...
[smoother_server-5] [INFO] [1790815513.516439427] [smoother_server]: Received a path to smooth.
[python3-8] [INFO] [1790815513.519097913] [basic_navigator]: Smoothing path...
[smoother_server-5] [INFO] [1790815513.519458141] [smoother_server]: Received a path to smooth.
[python3-8] [INFO] [1790815513.523676337] [basic_navigator]: Smoothing path...
[smoother_server-5] [INFO] [1790815513.523989664] [smoother_server]: Received a path to smooth.
[python3-8] Cycle:  51 out of:  100
[python3-8] Start geometry_msgs.msg.PoseStamped(header=std_msgs.msg.Header(stamp=builtin_interfaces.msg.Time(sec=1790815498, nanosec=648624723), frame_id='map'), pose=geometry_msgs.msg.Pose(position=geometry_msgs.msg.Point(x=1.8000000268220901, y=9.950000148266554, z=0.0), orientation=geometry_msgs.msg.Quaternion(x=-0.0, y=0.0, z=0.2354122256462627, w=-0.9718956137447442)))
[python3-8] Goal geometry_msgs.msg.PoseStamped(header=std_msgs.msg.Header(stamp=builtin_interfaces.msg.Time(sec=1790815498, nanosec=648624723), frame_id='map'), pose=geometry_msgs.msg.Pose(position=geometry_msgs.msg.Point(x=9.150000136345625, y=9.200000137090683, z=0.0), orientation=geometry_msgs.msg.Quaternion(x=0.0, y=0.0, z=0.9273516507206556, w=0.37419101526583326)))
[python3-8] [INFO] [1790815513.526059395] [basic_navigator]: Getting path...
[planner_server-4] [INFO] [1790815513.526286616] [planner_server]: Computing path to goal.
[planner_server-4] [WARN] [1790815513.610175878] [planner_server]: Planner loop missed its desired rate of 20.0000 Hz. Current loop rate is 11.9205 Hz
[python3-8] [INFO] [1790815513.612421200] [basic_navigator]: Smoothing path...
[smoother_server-5] [INFO] [1790815513.613360726] [smoother_server]: Received a path to smooth.
[python3-8] [INFO] [1790815513.616716392] [basic_navigator]: Smoothing path...
[smoother_server-5] [INFO] [1790815513.617289573] [smoother_server]: Received a path to smooth.
[rviz2-7] [INFO] [1790815513.624860202] [nav2_rviz_selector_node]: controller_server service not available
[python3-8] [INFO] [1790815513.629892681] [basic_navigator]: Smoothing path...
[smoother_server-5] [INFO] [1790815513.630347177] [smoother_server]: Received a path to smooth.
[python3-8] Cycle:  52 out of:  100
[python3-8] Start geometry_msgs.msg.PoseStamped(header=std_msgs.msg.Header(stamp=builtin_interfaces.msg.Time(sec=1790815498, nanosec=648624723), frame_id='map'), pose=geometry_msgs.msg.Pose(position=geometry_msgs.msg.Point(x=3.5500000528991222, y=8.200000122189522, z=0.0), orientation=geometry_msgs.msg.Quaternion(x=0.0, y=0.0, z=0.82698301455319, w=0.5622269058311941)))
[python3-8] Goal geometry_msgs.msg.PoseStamped(header=std_msgs.msg.Header(stamp=builtin_interfaces.msg.Time(sec=1790815498, nanosec=648624723), frame_id='map'), pose=geometry_msgs.msg.Pose(position=geometry_msgs.msg.Point(x=9.950000148266554, y=9.750000145286322, z=0.0), orientation=geometry_msgs.msg.Quaternion(x=-0.0, y=0.0, z=0.6623573284683643, w=-0.7491880734663703)))
[python3-8] [INFO] [1790815513.634640077] [basic_navigator]: Getting path...
[planner_server-4] [INFO] [1790815513.634849591] [planner_server]: Computing path to goal.
[planner_server-4] [WARN] [1790815513.743305448] [planner_server]: Planner loop missed its desired rate of 20.0000 Hz. Current loop rate is 9.2203 Hz
[python3-8] [INFO] [1790815513.745455530] [basic_navigator]: Smoothing path...
[smoother_server-5] [INFO] [1790815513.746187055] [smoother_server]: Received a path to smooth.
[python3-8] [INFO] [1790815513.749357121] [basic_navigator]: Smoothing path...
[smoother_server-5] [INFO] [1790815513.750065692] [smoother_server]: Received a path to smooth.
[python3-8] [INFO] [1790815513.764141457] [basic_navigator]: Smoothing path...
[smoother_server-5] [INFO] [1790815513.764912362] [smoother_server]: Received a path to smooth.
[python3-8] Cycle:  53 out of:  100
[python3-8] Start geometry_msgs.msg.PoseStamped(header=std_msgs.msg.Header(stamp=builtin_interfaces.msg.Time(sec=1790815498, nanosec=648624723), frame_id='map'), pose=geometry_msgs.msg.Pose(position=geometry_msgs.msg.Point(x=8.400000125169754, y=5.200000077486038, z=0.0), orientation=geometry_msgs.msg.Quaternion(x=-0.0, y=0.0, z=0.9580884760009615, w=-0.28647246316907143)))
[python3-8] Goal geometry_msgs.msg.PoseStamped(header=std_msgs.msg.Header(stamp=builtin_interfaces.msg.Time(sec=1790815498, nanosec=648624723), frame_id='map'), pose=geometry_msgs.msg.Pose(position=geometry_msgs.msg.Point(x=13.65000020340085, y=10.600000157952309, z=0.0), orientation=geometry_msgs.msg.Quaternion(x=-0.0, y=0.0, z=0.16864048911627266, w=-0.9856776275388542)))
[python3-8] [INFO] [1790815513.768036887] [basic_navigator]: Getting path...
[planner_server-4] [INFO] [1790815513.768376916] [planner_server]: Computing path to goal.
[python3-8] [INFO] [1790815513.792779198] [basic_navigator]: Smoothing path...
[smoother_server-5] [INFO] [1790815513.793406053] [smoother_server]: Received a path to smooth.
[python3-8] [INFO] [1790815513.796378687] [basic_navigator]: Smoothing path...
[smoother_server-5] [INFO] [1790815513.796913096] [smoother_server]: Received a path to smooth.
[python3-8] [INFO] [1790815513.809769913] [basic_navigator]: Smoothing path...
[smoother_server-5] [INFO] [1790815513.810636885] [smoother_server]: Received a path to smooth.
[python3-8] Cycle:  54 out of:  100
[python3-8] Start geometry_msgs.msg.PoseStamped(header=std_msgs.msg.Header(stamp=builtin_interfaces.msg.Time(sec=1790815498, nanosec=648624723), frame_id='map'), pose=geometry_msgs.msg.Pose(position=geometry_msgs.msg.Point(x=13.700000204145908, y=4.700000070035458, z=0.0), orientation=geometry_msgs.msg.Quaternion(x=-0.0, y=0.0, z=0.9829730823185694, w=-0.18374961071286913)))
[python3-8] Goal geometry_msgs.msg.PoseStamped(header=std_msgs.msg.Header(stamp=builtin_interfaces.msg.Time(sec=1790815498, nanosec=648624723), frame_id='map'), pose=geometry_msgs.msg.Pose(position=geometry_msgs.msg.Point(x=10.55000015720725, y=1.0000000149011612, z=0.0), orientation=geometry_msgs.msg.Quaternion(x=-0.0, y=0.0, z=0.15036381997730203, w=-0.988630730678464)))
[python3-8] [INFO] [1790815513.814240714] [basic_navigator]: Getting path...
[planner_server-4] [INFO] [1790815513.814586448] [planner_server]: Computing path to goal.
[python3-8] [INFO] [1790815513.822013583] [basic_navigator]: Smoothing path...
[smoother_server-5] [INFO] [1790815513.823097592] [smoother_server]: Received a path to smooth.
[python3-8] [INFO] [1790815513.827033928] [basic_navigator]: Smoothing path...
[smoother_server-5] [INFO] [1790815513.827674493] [smoother_server]: Received a path to smooth.
[python3-8] [INFO] [1790815513.846284279] [basic_navigator]: Smoothing path...
[smoother_server-5] [INFO] [1790815513.847291655] [smoother_server]: Received a path to smooth.
[python3-8] Cycle:  55 out of:  100
[python3-8] Start geometry_msgs.msg.PoseStamped(header=std_msgs.msg.Header(stamp=builtin_interfaces.msg.Time(sec=1790815498, nanosec=648624723), frame_id='map'), pose=geometry_msgs.msg.Pose(position=geometry_msgs.msg.Point(x=10.800000160932541, y=9.300000138580799, z=0.0), orientation=geometry_msgs.msg.Quaternion(x=-0.0, y=0.0, z=0.9355342044021843, w=-0.3532361142261251)))
[python3-8] Goal geometry_msgs.msg.PoseStamped(header=std_msgs.msg.Header(stamp=builtin_interfaces.msg.Time(sec=1790815498, nanosec=648624723), frame_id='map'), pose=geometry_msgs.msg.Pose(position=geometry_msgs.msg.Point(x=0.6500000096857548, y=0.6500000096857548, z=0.0), orientation=geometry_msgs.msg.Quaternion(x=-0.0, y=0.0, z=0.07416740293075196, w=-0.9972458053772437)))
[python3-8] [INFO] [1790815513.851231117] [basic_navigator]: Getting path...
[planner_server-4] [INFO] [1790815513.851676200] [planner_server]: Computing path to goal.
[planner_server-4] [WARN] [1790815514.598488506] [planner_server]: Planner loop missed its desired rate of 20.0000 Hz. Current loop rate is 1.3390 Hz
[python3-8] [INFO] [1790815514.602763838] [basic_navigator]: Smoothing path...
[smoother_server-5] [INFO] [1790815514.603763639] [smoother_server]: Received a path to smooth.
[python3-8] [INFO] [1790815514.610612090] [basic_navigator]: Smoothing path...
[smoother_server-5] [INFO] [1790815514.611298656] [smoother_server]: Received a path to smooth.
[python3-8] [INFO] [1790815514.626507116] [basic_navigator]: Smoothing path...
[smoother_server-5] [INFO] [1790815514.627171561] [smoother_server]: Received a path to smooth.
[rviz2-7] [INFO] [1790815514.627563588] [nav2_rviz_selector_node]: controller_server service not available
[python3-8] Cycle:  56 out of:  100
[python3-8] Start geometry_msgs.msg.PoseStamped(header=std_msgs.msg.Header(stamp=builtin_interfaces.msg.Time(sec=1790815498, nanosec=648624723), frame_id='map'), pose=geometry_msgs.msg.Pose(position=geometry_msgs.msg.Point(x=9.700000144541264, y=2.2500000335276127, z=0.0), orientation=geometry_msgs.msg.Quaternion(x=0.0, y=0.0, z=0.6029149890137149, w=0.7978054374486251)))
[python3-8] Goal geometry_msgs.msg.PoseStamped(header=std_msgs.msg.Header(stamp=builtin_interfaces.msg.Time(sec=1790815498, nanosec=648624723), frame_id='map'), pose=geometry_msgs.msg.Pose(position=geometry_msgs.msg.Point(x=11.750000175088644, y=4.950000073760748, z=0.0), orientation=geometry_msgs.msg.Quaternion(x=-0.0, y=0.0, z=0.9617556464533205, w=-0.2739088836002871)))
[python3-8] [INFO] [1790815514.631971013] [basic_navigator]: Getting path...
[planner_server-4] [INFO] [1790815514.632235436] [planner_server]: Computing path to goal.
[planner_server-4] [WARN] [1790815514.759844176] [planner_server]: Planner loop missed its desired rate of 20.0000 Hz. Current loop rate is 7.8363 Hz
[python3-8] [INFO] [1790815514.762182085] [basic_navigator]: Smoothing path...
[smoother_server-5] [INFO] [1790815514.762846510] [smoother_server]: Received a path to smooth.
[python3-8] [INFO] [1790815514.766267818] [basic_navigator]: Smoothing path...
[smoother_server-5] [INFO] [1790815514.766766890] [smoother_server]: Received a path to smooth.
[python3-8] [INFO] [1790815514.779695773] [basic_navigator]: Smoothing path...
[smoother_server-5] [INFO] [1790815514.780307398] [smoother_server]: Received a path to smooth.
[python3-8] Cycle:  57 out of:  100
[python3-8] Start geometry_msgs.msg.PoseStamped(header=std_msgs.msg.Header(stamp=builtin_interfaces.msg.Time(sec=1790815498, nanosec=648624723), frame_id='map'), pose=geometry_msgs.msg.Pose(position=geometry_msgs.msg.Point(x=0.9500000141561031, y=0.800000011920929, z=0.0), orientation=geometry_msgs.msg.Quaternion(x=-0.0, y=0.0, z=0.6944566746210418, w=-0.7195345211136742)))
[python3-8] Goal geometry_msgs.msg.PoseStamped(header=std_msgs.msg.Header(stamp=builtin_interfaces.msg.Time(sec=1790815498, nanosec=648624723), frame_id='map'), pose=geometry_msgs.msg.Pose(position=geometry_msgs.msg.Point(x=7.000000104308128, y=9.00000013411045, z=0.0), orientation=geometry_msgs.msg.Quaternion(x=-0.0, y=0.0, z=0.34359499392567927, w=-0.9391179266467085)))
[python3-8] [INFO] [1790815514.784008753] [basic_navigator]: Getting path...
[planner_server-4] [INFO] [1790815514.784234308] [planner_server]: Computing path to goal.
[planner_server-4] [WARN] [1790815514.943858347] [planner_server]: Planner loop missed its desired rate of 20.0000 Hz. Current loop rate is 6.2647 Hz
[python3-8] [INFO] [1790815514.946238820] [basic_navigator]: Smoothing path...
[smoother_server-5] [INFO] [1790815514.946798934] [smoother_server]: Received a path to smooth.
[python3-8] [INFO] [1790815514.949982438] [basic_navigator]: Smoothing path...
[smoother_server-5] [INFO] [1790815514.950384227] [smoother_server]: Received a path to smooth.
[python3-8] [INFO] [1790815514.963137827] [basic_navigator]: Smoothing path...
[smoother_server-5] [INFO] [1790815514.963622733] [smoother_server]: Received a path to smooth.
[python3-8] Cycle:  58 out of:  100
[python3-8] Start geometry_msgs.msg.PoseStamped(header=std_msgs.msg.Header(stamp=builtin_interfaces.msg.Time(sec=1790815498, nanosec=648624723), frame_id='map'), pose=geometry_msgs.msg.Pose(position=geometry_msgs.msg.Point(x=9.55000014230609, y=7.450000111013651, z=0.0), orientation=geometry_msgs.msg.Quaternion(x=-0.0, y=0.0, z=0.06642211001163667, w=-0.9977916131645936)))
[python3-8] Goal geometry_msgs.msg.PoseStamped(header=std_msgs.msg.Header(stamp=builtin_interfaces.msg.Time(sec=1790815498, nanosec=648624723), frame_id='map'), pose=geometry_msgs.msg.Pose(position=geometry_msgs.msg.Point(x=4.6000000685453415, y=11.500000171363354, z=0.0), orientation=geometry_msgs.msg.Quaternion(x=0.0, y=0.0, z=0.17158275013880978, w=0.9851697111943722)))
[python3-8] [INFO] [1790815514.966796346] [basic_navigator]: Getting path...
[planner_server-4] [INFO] [1790815514.966967326] [planner_server]: Computing path to goal.
[python3-8] [INFO] [1790815515.003200684] [basic_navigator]: Smoothing path...
[smoother_server-5] [INFO] [1790815515.003817891] [smoother_server]: Received a path to smooth.
[python3-8] [INFO] [1790815515.006435922] [basic_navigator]: Smoothing path...
[smoother_server-5] [INFO] [1790815515.006792457] [smoother_server]: Received a path to smooth.
[python3-8] [INFO] [1790815515.013634426] [basic_navigator]: Smoothing path...
[smoother_server-5] [INFO] [1790815515.014345191] [smoother_server]: Received a path to smooth.
[python3-8] Cycle:  59 out of:  100
[python3-8] Start geometry_msgs.msg.PoseStamped(header=std_msgs.msg.Header(stamp=builtin_interfaces.msg.Time(sec=1790815498, nanosec=648624723), frame_id='map'), pose=geometry_msgs.msg.Pose(position=geometry_msgs.msg.Point(x=1.0000000149011612, y=13.250000197440386, z=0.0), orientation=geometry_msgs.msg.Quaternion(x=0.0, y=0.0, z=0.7242153625933102, w=0.6895738601367081)))
[python3-8] Goal geometry_msgs.msg.PoseStamped(header=std_msgs.msg.Header(stamp=builtin_interfaces.msg.Time(sec=1790815498, nanosec=648624723), frame_id='map'), pose=geometry_msgs.msg.Pose(position=geometry_msgs.msg.Point(x=12.750000189989805, y=2.1000000312924385, z=0.0), orientation=geometry_msgs.msg.Quaternion(x=0.0, y=0.0, z=0.24948814586151, w=0.9683778524287852)))
[python3-8] [INFO] [1790815515.017728339] [basic_navigator]: Getting path...
[planner_server-4] [INFO] [1790815515.018006979] [planner_server]: Computing path to goal.
[python3-8] [INFO] [1790815515.054937307] [basic_navigator]: Smoothing path...
[smoother_server-5] [INFO] [1790815515.056100150] [smoother_server]: Received a path to smooth.
[python3-8] [INFO] [1790815515.062652296] [basic_navigator]: Smoothing path...
[smoother_server-5] [INFO] [1790815515.063397922] [smoother_server]: Received a path to smooth.
[python3-8] [INFO] [1790815515.098169069] [basic_navigator]: Smoothing path...
[smoother_server-5] [INFO] [1790815515.099167891] [smoother_server]: Received a path to smooth.
[python3-8] Cycle:  60 out of:  100
[python3-8] Start geometry_msgs.msg.PoseStamped(header=std_msgs.msg.Header(stamp=builtin_interfaces.msg.Time(sec=1790815498, nanosec=648624723), frame_id='map'), pose=geometry_msgs.msg.Pose(position=geometry_msgs.msg.Point(x=3.500000052154064, y=5.700000084936619, z=0.0), orientation=geometry_msgs.msg.Quaternion(x=-0.0, y=0.0, z=0.7198110961499333, w=-0.694169997809925)))
[python3-8] Goal geometry_msgs.msg.PoseStamped(header=std_msgs.msg.Header(stamp=builtin_interfaces.msg.Time(sec=1790815498, nanosec=648624723), frame_id='map'), pose=geometry_msgs.msg.Pose(position=geometry_msgs.msg.Point(x=3.250000048428774, y=2.500000037252903, z=0.0), orientation=geometry_msgs.msg.Quaternion(x=0.0, y=0.0, z=0.9979525879515014, w=0.0639580503212905)))
[python3-8] [INFO] [1790815515.120401946] [basic_navigator]: Getting path...
[planner_server-4] [INFO] [1790815515.120971184] [planner_server]: Computing path to goal.
[python3-8] [INFO] [1790815515.129301897] [basic_navigator]: Smoothing path...
[smoother_server-5] [INFO] [1790815515.129826565] [smoother_server]: Received a path to smooth.
[python3-8] [INFO] [1790815515.132918539] [basic_navigator]: Smoothing path...
[smoother_server-5] [INFO] [1790815515.133204737] [smoother_server]: Received a path to smooth.
[python3-8] [INFO] [1790815515.144503450] [basic_navigator]: Smoothing path...
[smoother_server-5] [INFO] [1790815515.145144943] [smoother_server]: Received a path to smooth.
[python3-8] Cycle:  61 out of:  100
[python3-8] Start geometry_msgs.msg.PoseStamped(header=std_msgs.msg.Header(stamp=builtin_interfaces.msg.Time(sec=1790815498, nanosec=648624723), frame_id='map'), pose=geometry_msgs.msg.Pose(position=geometry_msgs.msg.Point(x=8.950000133365393, y=2.9500000439584255, z=0.0), orientation=geometry_msgs.msg.Quaternion(x=0.0, y=0.0, z=0.5176761447402551, w=0.8555766530047828)))
[python3-8] Goal geometry_msgs.msg.PoseStamped(header=std_msgs.msg.Header(stamp=builtin_interfaces.msg.Time(sec=1790815498, nanosec=648624723), frame_id='map'), pose=geometry_msgs.msg.Pose(position=geometry_msgs.msg.Point(x=1.650000024586916, y=8.900000132620335, z=0.0), orientation=geometry_msgs.msg.Quaternion(x=0.0, y=0.0, z=0.9896973232139253, w=0.14317544629995382)))
[python3-8] [INFO] [1790815515.148273831] [basic_navigator]: Getting path...
[planner_server-4] [INFO] [1790815515.148605351] [planner_server]: Computing path to goal.
[planner_server-4] [WARN] [1790815515.357773544] [planner_server]: Planner loop missed its desired rate of 20.0000 Hz. Current loop rate is 4.7807 Hz
[python3-8] [INFO] [1790815515.360455770] [basic_navigator]: Smoothing path...
[smoother_server-5] [INFO] [1790815515.361161371] [smoother_server]: Received a path to smooth.
[python3-8] [INFO] [1790815515.364691718] [basic_navigator]: Smoothing path...
[smoother_server-5] [INFO] [1790815515.365080791] [smoother_server]: Received a path to smooth.
[python3-8] [INFO] [1790815515.377987205] [basic_navigator]: Smoothing path...
[smoother_server-5] [INFO] [1790815515.378622796] [smoother_server]: Received a path to smooth.
[python3-8] Cycle:  62 out of:  100
[python3-8] Start geometry_msgs.msg.PoseStamped(header=std_msgs.msg.Header(stamp=builtin_interfaces.msg.Time(sec=1790815498, nanosec=648624723), frame_id='map'), pose=geometry_msgs.msg.Pose(position=geometry_msgs.msg.Point(x=2.0000000298023224, y=12.250000182539225, z=0.0), orientation=geometry_msgs.msg.Quaternion(x=0.0, y=0.0, z=0.004918361589276087, w=0.9999879047864915)))
[python3-8] Goal geometry_msgs.msg.PoseStamped(header=std_msgs.msg.Header(stamp=builtin_interfaces.msg.Time(sec=1790815498, nanosec=648624723), frame_id='map'), pose=geometry_msgs.msg.Pose(position=geometry_msgs.msg.Point(x=4.800000071525574, y=10.500000156462193, z=0.0), orientation=geometry_msgs.msg.Quaternion(x=-0.0, y=0.0, z=0.9259533223150668, w=-0.37763798126471604)))
[python3-8] [INFO] [1790815515.383938659] [basic_navigator]: Getting path...
[planner_server-4] [INFO] [1790815515.384221098] [planner_server]: Computing path to goal.
[python3-8] [INFO] [1790815515.388779427] [basic_navigator]: Smoothing path...
[smoother_server-5] [INFO] [1790815515.389122225] [smoother_server]: Received a path to smooth.
[python3-8] [INFO] [1790815515.392038777] [basic_navigator]: Smoothing path...
[smoother_server-5] [INFO] [1790815515.392390031] [smoother_server]: Received a path to smooth.
[python3-8] [INFO] [1790815515.395842372] [basic_navigator]: Smoothing path...
[smoother_server-5] [INFO] [1790815515.396155485] [smoother_server]: Received a path to smooth.
[python3-8] Cycle:  63 out of:  100
[python3-8] Start geometry_msgs.msg.PoseStamped(header=std_msgs.msg.Header(stamp=builtin_interfaces.msg.Time(sec=1790815498, nanosec=648624723), frame_id='map'), pose=geometry_msgs.msg.Pose(position=geometry_msgs.msg.Point(x=13.550000201910734, y=8.00000011920929, z=0.0), orientation=geometry_msgs.msg.Quaternion(x=0.0, y=0.0, z=0.9940692912332156, w=0.1087485366664409)))
[python3-8] Goal geometry_msgs.msg.PoseStamped(header=std_msgs.msg.Header(stamp=builtin_interfaces.msg.Time(sec=1790815498, nanosec=648624723), frame_id='map'), pose=geometry_msgs.msg.Pose(position=geometry_msgs.msg.Point(x=11.800000175833702, y=12.400000184774399, z=0.0), orientation=geometry_msgs.msg.Quaternion(x=-0.0, y=0.0, z=0.9792391494641778, w=-0.20270838205825073)))
[python3-8] [INFO] [1790815515.398816116] [basic_navigator]: Getting path...
[planner_server-4] [INFO] [1790815515.399122413] [planner_server]: Computing path to goal.
[rviz2-7] [INFO] [1790815515.630485415] [nav2_rviz_selector_node]: controller_server service not available
[rviz2-7] [INFO] [1790815515.632058129] [nav2_rviz_selector_node]: Failed to load plugins. Retrying...
[planner_server-4] [WARN] [1790815516.250932198] [planner_server]: SmacHybridplugin failed to plan from (13.55, 8.00) [q: 0.00, 0.00, 0.99, 0.11] (yaw: 2.92) to (11.80, 12.40) [q: -0.00, 0.00, 0.98, -0.20] (yaw: -2.73): "exceeded maximum iterations"
[planner_server-4] [WARN] [1790815516.250975874] [planner_server]: [compute_path_to_pose] [ActionServer] Aborting handle. error_code:207, error_msg:'SmacHybridplugin failed to plan from (13.55, 8.00) [q: 0.00, 0.00, 0.99, 0.11] (yaw: 2.92) to (11.80, 12.40) [q: -0.00, 0.00, 0.98, -0.20] (yaw: -2.73): "exceeded maximum iterations"'.
[python3-8] SmacHybrid planner failed to produce the path
[python3-8] Cycle:  63 out of:  100
[python3-8] Start geometry_msgs.msg.PoseStamped(header=std_msgs.msg.Header(stamp=builtin_interfaces.msg.Time(sec=1790815498, nanosec=648624723), frame_id='map'), pose=geometry_msgs.msg.Pose(position=geometry_msgs.msg.Point(x=2.3000000342726707, y=10.650000158697367, z=0.0), orientation=geometry_msgs.msg.Quaternion(x=-0.0, y=0.0, z=0.7405925571157789, w=-0.6719543618019842)))
[python3-8] Goal geometry_msgs.msg.PoseStamped(header=std_msgs.msg.Header(stamp=builtin_interfaces.msg.Time(sec=1790815498, nanosec=648624723), frame_id='map'), pose=geometry_msgs.msg.Pose(position=geometry_msgs.msg.Point(x=5.4500000812113285, y=3.8500000573694706, z=0.0), orientation=geometry_msgs.msg.Quaternion(x=-0.0, y=0.0, z=0.3027889161728271, w=-0.9530576437146311)))
[python3-8] [INFO] [1790815516.252327711] [basic_navigator]: Getting path...
[planner_server-4] [INFO] [1790815516.252816798] [planner_server]: Computing path to goal.
[python3-8] [INFO] [1790815516.277797001] [basic_navigator]: Smoothing path...
[smoother_server-5] [INFO] [1790815516.278513343] [smoother_server]: Received a path to smooth.
[python3-8] [INFO] [1790815516.281861560] [basic_navigator]: Smoothing path...
[smoother_server-5] [INFO] [1790815516.282283400] [smoother_server]: Received a path to smooth.
[python3-8] [INFO] [1790815516.292156776] [basic_navigator]: Smoothing path...
[smoother_server-5] [INFO] [1790815516.292702184] [smoother_server]: Received a path to smooth.
[python3-8] Cycle:  64 out of:  100
[python3-8] Start geometry_msgs.msg.PoseStamped(header=std_msgs.msg.Header(stamp=builtin_interfaces.msg.Time(sec=1790815498, nanosec=648624723), frame_id='map'), pose=geometry_msgs.msg.Pose(position=geometry_msgs.msg.Point(x=7.700000114738941, y=10.000000149011612, z=0.0), orientation=geometry_msgs.msg.Quaternion(x=-0.0, y=0.0, z=0.12068402266971968, w=-0.9926909723938536)))
[python3-8] Goal geometry_msgs.msg.PoseStamped(header=std_msgs.msg.Header(stamp=builtin_interfaces.msg.Time(sec=1790815498, nanosec=648624723), frame_id='map'), pose=geometry_msgs.msg.Pose(position=geometry_msgs.msg.Point(x=9.750000145286322, y=4.700000070035458, z=0.0), orientation=geometry_msgs.msg.Quaternion(x=-0.0, y=0.0, z=0.9900056097244414, w=-0.1410279855707267)))
[python3-8] [INFO] [1790815516.295775348] [basic_navigator]: Getting path...
[planner_server-4] [INFO] [1790815516.296101838] [planner_server]: Computing path to goal.
[python3-8] [INFO] [1790815516.301674270] [basic_navigator]: Smoothing path...
[smoother_server-5] [INFO] [1790815516.302068695] [smoother_server]: Received a path to smooth.
[python3-8] [INFO] [1790815516.305652049] [basic_navigator]: Smoothing path...
[smoother_server-5] [INFO] [1790815516.305936368] [smoother_server]: Received a path to smooth.
[python3-8] [INFO] [1790815516.308770390] [basic_navigator]: Smoothing path...
[smoother_server-5] [INFO] [1790815516.309011439] [smoother_server]: Received a path to smooth.
[python3-8] Cycle:  65 out of:  100
[python3-8] Start geometry_msgs.msg.PoseStamped(header=std_msgs.msg.Header(stamp=builtin_interfaces.msg.Time(sec=1790815498, nanosec=648624723), frame_id='map'), pose=geometry_msgs.msg.Pose(position=geometry_msgs.msg.Point(x=1.1000000163912773, y=9.00000013411045, z=0.0), orientation=geometry_msgs.msg.Quaternion(x=-0.0, y=0.0, z=0.05399237133604397, w=-0.9985413480860523)))
[python3-8] Goal geometry_msgs.msg.PoseStamped(header=std_msgs.msg.Header(stamp=builtin_interfaces.msg.Time(sec=1790815498, nanosec=648624723), frame_id='map'), pose=geometry_msgs.msg.Pose(position=geometry_msgs.msg.Point(x=9.700000144541264, y=10.700000159442425, z=0.0), orientation=geometry_msgs.msg.Quaternion(x=-0.0, y=0.0, z=0.9503262106062914, w=-0.31125567213255184)))
[python3-8] [INFO] [1790815516.311050933] [basic_navigator]: Getting path...
[planner_server-4] [INFO] [1790815516.311317675] [planner_server]: Computing path to goal.
[planner_server-4] [WARN] [1790815516.379152924] [planner_server]: Planner loop missed its desired rate of 20.0000 Hz. Current loop rate is 14.7417 Hz
[python3-8] [INFO] [1790815516.381741396] [basic_navigator]: Smoothing path...
[smoother_server-5] [INFO] [1790815516.382634566] [smoother_server]: Received a path to smooth.
[python3-8] [INFO] [1790815516.386704761] [basic_navigator]: Smoothing path...
[smoother_server-5] [INFO] [1790815516.387272922] [smoother_server]: Received a path to smooth.
[python3-8] [INFO] [1790815516.402104638] [basic_navigator]: Smoothing path...
[smoother_server-5] [INFO] [1790815516.402819043] [smoother_server]: Received a path to smooth.
[python3-8] Cycle:  66 out of:  100
[python3-8] Start geometry_msgs.msg.PoseStamped(header=std_msgs.msg.Header(stamp=builtin_interfaces.msg.Time(sec=1790815498, nanosec=648624723), frame_id='map'), pose=geometry_msgs.msg.Pose(position=geometry_msgs.msg.Point(x=2.7000000402331352, y=0.6500000096857548, z=0.0), orientation=geometry_msgs.msg.Quaternion(x=-0.0, y=0.0, z=0.8531200998468428, w=-0.5217145725751899)))
[python3-8] Goal geometry_msgs.msg.PoseStamped(header=std_msgs.msg.Header(stamp=builtin_interfaces.msg.Time(sec=1790815498, nanosec=648624723), frame_id='map'), pose=geometry_msgs.msg.Pose(position=geometry_msgs.msg.Point(x=7.200000107288361, y=3.0000000447034836, z=0.0), orientation=geometry_msgs.msg.Quaternion(x=0.0, y=0.0, z=0.4625174348627942, w=0.8866101862983196)))
[python3-8] [INFO] [1790815516.407680437] [basic_navigator]: Getting path...
[planner_server-4] [INFO] [1790815516.408110658] [planner_server]: Computing path to goal.
[python3-8] [INFO] [1790815516.430023191] [basic_navigator]: Smoothing path...
[smoother_server-5] [INFO] [1790815516.430811245] [smoother_server]: Received a path to smooth.
[python3-8] [INFO] [1790815516.433830247] [basic_navigator]: Smoothing path...
[smoother_server-5] [INFO] [1790815516.434344057] [smoother_server]: Received a path to smooth.
[python3-8] [INFO] [1790815516.441894784] [basic_navigator]: Smoothing path...
[smoother_server-5] [INFO] [1790815516.442334593] [smoother_server]: Received a path to smooth.
[python3-8] Cycle:  67 out of:  100
[python3-8] Start geometry_msgs.msg.PoseStamped(header=std_msgs.msg.Header(stamp=builtin_interfaces.msg.Time(sec=1790815498, nanosec=648624723), frame_id='map'), pose=geometry_msgs.msg.Pose(position=geometry_msgs.msg.Point(x=10.100000150501728, y=11.000000163912773, z=0.0), orientation=geometry_msgs.msg.Quaternion(x=-0.0, y=0.0, z=0.9497459579878362, w=-0.3130217489021604)))
[python3-8] Goal geometry_msgs.msg.PoseStamped(header=std_msgs.msg.Header(stamp=builtin_interfaces.msg.Time(sec=1790815498, nanosec=648624723), frame_id='map'), pose=geometry_msgs.msg.Pose(position=geometry_msgs.msg.Point(x=7.600000113248825, y=13.000000193715096, z=0.0), orientation=geometry_msgs.msg.Quaternion(x=-0.0, y=0.0, z=0.6308640933019442, w=-0.7758933533561916)))
[python3-8] [INFO] [1790815516.446038152] [basic_navigator]: Getting path...
[planner_server-4] [INFO] [1790815516.446383624] [planner_server]: Computing path to goal.
[python3-8] [INFO] [1790815516.487820680] [basic_navigator]: Smoothing path...
[smoother_server-5] [INFO] [1790815516.488335465] [smoother_server]: Received a path to smooth.
[python3-8] [INFO] [1790815516.490647582] [basic_navigator]: Smoothing path...
[smoother_server-5] [INFO] [1790815516.491114000] [smoother_server]: Received a path to smooth.
[python3-8] [INFO] [1790815516.497507409] [basic_navigator]: Smoothing path...
[smoother_server-5] [INFO] [1790815516.498022876] [smoother_server]: Received a path to smooth.
[python3-8] Cycle:  68 out of:  100
[python3-8] Start geometry_msgs.msg.PoseStamped(header=std_msgs.msg.Header(stamp=builtin_interfaces.msg.Time(sec=1790815498, nanosec=648624723), frame_id='map'), pose=geometry_msgs.msg.Pose(position=geometry_msgs.msg.Point(x=2.2500000335276127, y=9.80000014603138, z=0.0), orientation=geometry_msgs.msg.Quaternion(x=0.0, y=0.0, z=0.558740512107857, w=0.8293425348608678)))
[python3-8] Goal geometry_msgs.msg.PoseStamped(header=std_msgs.msg.Header(stamp=builtin_interfaces.msg.Time(sec=1790815498, nanosec=648624723), frame_id='map'), pose=geometry_msgs.msg.Pose(position=geometry_msgs.msg.Point(x=9.100000135600567, y=10.700000159442425, z=0.0), orientation=geometry_msgs.msg.Quaternion(x=0.0, y=0.0, z=0.9277514024395325, w=0.3731987878751494)))
[python3-8] [INFO] [1790815516.504075819] [basic_navigator]: Getting path...
[planner_server-4] [INFO] [1790815516.504482497] [planner_server]: Computing path to goal.
[planner_server-4] [WARN] [1790815516.563708147] [planner_server]: Planner loop missed its desired rate of 20.0000 Hz. Current loop rate is 16.8842 Hz
[python3-8] [INFO] [1790815516.565915664] [basic_navigator]: Smoothing path...
[smoother_server-5] [INFO] [1790815516.566636083] [smoother_server]: Received a path to smooth.
[python3-8] [INFO] [1790815516.569696489] [basic_navigator]: Smoothing path...
[smoother_server-5] [INFO] [1790815516.570253439] [smoother_server]: Received a path to smooth.
[python3-8] [INFO] [1790815516.582409088] [basic_navigator]: Smoothing path...
[smoother_server-5] [INFO] [1790815516.583037733] [smoother_server]: Received a path to smooth.
[python3-8] Cycle:  69 out of:  100
[python3-8] Start geometry_msgs.msg.PoseStamped(header=std_msgs.msg.Header(stamp=builtin_interfaces.msg.Time(sec=1790815498, nanosec=648624723), frame_id='map'), pose=geometry_msgs.msg.Pose(position=geometry_msgs.msg.Point(x=8.75000013038516, y=9.750000145286322, z=0.0), orientation=geometry_msgs.msg.Quaternion(x=0.0, y=0.0, z=0.3401835705704058, w=0.9403590475525664)))
[python3-8] Goal geometry_msgs.msg.PoseStamped(header=std_msgs.msg.Header(stamp=builtin_interfaces.msg.Time(sec=1790815498, nanosec=648624723), frame_id='map'), pose=geometry_msgs.msg.Pose(position=geometry_msgs.msg.Point(x=4.800000071525574, y=10.600000157952309, z=0.0), orientation=geometry_msgs.msg.Quaternion(x=0.0, y=0.0, z=0.039363501937640544, w=0.9992249570117859)))
[python3-8] [INFO] [1790815516.586411479] [basic_navigator]: Getting path...
[planner_server-4] [INFO] [1790815516.586783631] [planner_server]: Computing path to goal.
[rviz2-7] [INFO] [1790815516.620829694] [nav2_rviz_selector_node]: Trying to load plugins...
[python3-8] [INFO] [1790815516.630160580] [basic_navigator]: Smoothing path...
[smoother_server-5] [INFO] [1790815516.630821481] [smoother_server]: Received a path to smooth.
[python3-8] [INFO] [1790815516.633685540] [basic_navigator]: Smoothing path...
[smoother_server-5] [INFO] [1790815516.634217261] [smoother_server]: Received a path to smooth.
[python3-8] [INFO] [1790815516.638122670] [basic_navigator]: Smoothing path...
[smoother_server-5] [INFO] [1790815516.638690172] [smoother_server]: Received a path to smooth.
[python3-8] Cycle:  70 out of:  100
[python3-8] Start geometry_msgs.msg.PoseStamped(header=std_msgs.msg.Header(stamp=builtin_interfaces.msg.Time(sec=1790815498, nanosec=648624723), frame_id='map'), pose=geometry_msgs.msg.Pose(position=geometry_msgs.msg.Point(x=1.9000000283122063, y=10.05000014975667, z=0.0), orientation=geometry_msgs.msg.Quaternion(x=-0.0, y=0.0, z=0.025488896050016124, w=-0.9996751053107962)))
[python3-8] Goal geometry_msgs.msg.PoseStamped(header=std_msgs.msg.Header(stamp=builtin_interfaces.msg.Time(sec=1790815498, nanosec=648624723), frame_id='map'), pose=geometry_msgs.msg.Pose(position=geometry_msgs.msg.Point(x=4.700000070035458, y=3.8500000573694706, z=0.0), orientation=geometry_msgs.msg.Quaternion(x=-0.0, y=0.0, z=0.7317307948267794, w=-0.681593752833878)))
[python3-8] [INFO] [1790815516.641122076] [basic_navigator]: Getting path...
[planner_server-4] [INFO] [1790815516.641664032] [planner_server]: Computing path to goal.
[planner_server-4] [WARN] [1790815516.692033563] [planner_server]: Planner loop missed its desired rate of 20.0000 Hz. Current loop rate is 19.8520 Hz
[python3-8] [INFO] [1790815516.695291183] [basic_navigator]: Smoothing path...
[smoother_server-5] [INFO] [1790815516.696168019] [smoother_server]: Received a path to smooth.
[python3-8] [INFO] [1790815516.702284515] [basic_navigator]: Smoothing path...
[smoother_server-5] [INFO] [1790815516.703029390] [smoother_server]: Received a path to smooth.
[python3-8] [INFO] [1790815516.712918010] [basic_navigator]: Smoothing path...
[smoother_server-5] [INFO] [1790815516.713399224] [smoother_server]: Received a path to smooth.
[python3-8] Cycle:  71 out of:  100
[python3-8] Start geometry_msgs.msg.PoseStamped(header=std_msgs.msg.Header(stamp=builtin_interfaces.msg.Time(sec=1790815498, nanosec=648624723), frame_id='map'), pose=geometry_msgs.msg.Pose(position=geometry_msgs.msg.Point(x=4.450000066310167, y=1.3000000193715096, z=0.0), orientation=geometry_msgs.msg.Quaternion(x=-0.0, y=0.0, z=0.9205925493448058, w=-0.39052446541904556)))
[python3-8] Goal geometry_msgs.msg.PoseStamped(header=std_msgs.msg.Header(stamp=builtin_interfaces.msg.Time(sec=1790815498, nanosec=648624723), frame_id='map'), pose=geometry_msgs.msg.Pose(position=geometry_msgs.msg.Point(x=3.8000000566244125, y=12.950000192970037, z=0.0), orientation=geometry_msgs.msg.Quaternion(x=0.0, y=0.0, z=0.13570177118165855, w=0.9907497309099613)))
[python3-8] [INFO] [1790815516.716495392] [basic_navigator]: Getting path...
[planner_server-4] [INFO] [1790815516.716771145] [planner_server]: Computing path to goal.
[planner_server-4] [WARN] [1790815516.834888735] [planner_server]: Planner loop missed its desired rate of 20.0000 Hz. Current loop rate is 8.4660 Hz
[python3-8] [INFO] [1790815516.837502251] [basic_navigator]: Smoothing path...
[smoother_server-5] [INFO] [1790815516.838403828] [smoother_server]: Received a path to smooth.
[python3-8] [INFO] [1790815516.841956482] [basic_navigator]: Smoothing path...
[smoother_server-5] [INFO] [1790815516.842693951] [smoother_server]: Received a path to smooth.
[python3-8] [INFO] [1790815516.855479239] [basic_navigator]: Smoothing path...
[smoother_server-5] [INFO] [1790815516.856233652] [smoother_server]: Received a path to smooth.
[python3-8] Cycle:  72 out of:  100
[python3-8] Start geometry_msgs.msg.PoseStamped(header=std_msgs.msg.Header(stamp=builtin_interfaces.msg.Time(sec=1790815498, nanosec=648624723), frame_id='map'), pose=geometry_msgs.msg.Pose(position=geometry_msgs.msg.Point(x=9.500000141561031, y=4.150000061839819, z=0.0), orientation=geometry_msgs.msg.Quaternion(x=-0.0, y=0.0, z=0.3923379517008207, w=-0.919821141122123)))
[python3-8] Goal geometry_msgs.msg.PoseStamped(header=std_msgs.msg.Header(stamp=builtin_interfaces.msg.Time(sec=1790815498, nanosec=648624723), frame_id='map'), pose=geometry_msgs.msg.Pose(position=geometry_msgs.msg.Point(x=11.550000172108412, y=7.400000110268593, z=0.0), orientation=geometry_msgs.msg.Quaternion(x=0.0, y=0.0, z=0.684975102558484, w=0.7285664752615195)))
[python3-8] [INFO] [1790815516.859897188] [basic_navigator]: Getting path...
[planner_server-4] [INFO] [1790815516.860282576] [planner_server]: Computing path to goal.
[planner_server-4] [WARN] [1790815516.866692987] [planner_server]: SmacHybridplugin failed to plan from (9.50, 4.15) [q: -0.00, 0.00, 0.39, -0.92] (yaw: -0.81) to (11.55, 7.40) [q: 0.00, 0.00, 0.68, 0.73] (yaw: 1.51): "no valid path found"
[planner_server-4] [WARN] [1790815516.866735611] [planner_server]: [compute_path_to_pose] [ActionServer] Aborting handle. error_code:208, error_msg:'SmacHybridplugin failed to plan from (9.50, 4.15) [q: -0.00, 0.00, 0.39, -0.92] (yaw: -0.81) to (11.55, 7.40) [q: 0.00, 0.00, 0.68, 0.73] (yaw: 1.51): "no valid path found"'.
[python3-8] SmacHybrid planner failed to produce the path
[python3-8] Cycle:  72 out of:  100
[python3-8] Start geometry_msgs.msg.PoseStamped(header=std_msgs.msg.Header(stamp=builtin_interfaces.msg.Time(sec=1790815498, nanosec=648624723), frame_id='map'), pose=geometry_msgs.msg.Pose(position=geometry_msgs.msg.Point(x=0.6500000096857548, y=5.100000075995922, z=0.0), orientation=geometry_msgs.msg.Quaternion(x=0.0, y=0.0, z=0.9625345904766215, w=0.27115892413122356)))
[python3-8] Goal geometry_msgs.msg.PoseStamped(header=std_msgs.msg.Header(stamp=builtin_interfaces.msg.Time(sec=1790815498, nanosec=648624723), frame_id='map'), pose=geometry_msgs.msg.Pose(position=geometry_msgs.msg.Point(x=5.4000000804662704, y=10.05000014975667, z=0.0), orientation=geometry_msgs.msg.Quaternion(x=0.0, y=0.0, z=0.42635109785510966, w=0.9045577601003392)))
[python3-8] [INFO] [1790815516.867756087] [basic_navigator]: Getting path...
[planner_server-4] [INFO] [1790815516.868035711] [planner_server]: Computing path to goal.
[planner_server-4] [WARN] [1790815517.087239332] [planner_server]: Planner loop missed its desired rate of 20.0000 Hz. Current loop rate is 4.5620 Hz
[python3-8] [INFO] [1790815517.090131122] [basic_navigator]: Smoothing path...
[smoother_server-5] [INFO] [1790815517.090951428] [smoother_server]: Received a path to smooth.
[python3-8] [INFO] [1790815517.094588562] [basic_navigator]: Smoothing path...
[smoother_server-5] [INFO] [1790815517.095124241] [smoother_server]: Received a path to smooth.
[python3-8] [INFO] [1790815517.110845260] [basic_navigator]: Smoothing path...
[smoother_server-5] [INFO] [1790815517.111986110] [smoother_server]: Received a path to smooth.
[python3-8] Cycle:  73 out of:  100
[python3-8] Start geometry_msgs.msg.PoseStamped(header=std_msgs.msg.Header(stamp=builtin_interfaces.msg.Time(sec=1790815498, nanosec=648624723), frame_id='map'), pose=geometry_msgs.msg.Pose(position=geometry_msgs.msg.Point(x=6.2500000931322575, y=14.150000210851431, z=0.0), orientation=geometry_msgs.msg.Quaternion(x=0.0, y=0.0, z=0.955796276216673, w=0.2940297236170884)))
[python3-8] Goal geometry_msgs.msg.PoseStamped(header=std_msgs.msg.Header(stamp=builtin_interfaces.msg.Time(sec=1790815498, nanosec=648624723), frame_id='map'), pose=geometry_msgs.msg.Pose(position=geometry_msgs.msg.Point(x=10.450000155717134, y=9.80000014603138, z=0.0), orientation=geometry_msgs.msg.Quaternion(x=0.0, y=0.0, z=0.24985331712775238, w=0.9682836980556158)))
[python3-8] [INFO] [1790815517.118026306] [basic_navigator]: Getting path...
[planner_server-4] [INFO] [1790815517.118481879] [planner_server]: Computing path to goal.
[python3-8] [INFO] [1790815517.131697671] [basic_navigator]: Smoothing path...
[smoother_server-5] [INFO] [1790815517.132496260] [smoother_server]: Received a path to smooth.
[python3-8] [INFO] [1790815517.137324603] [basic_navigator]: Smoothing path...
[smoother_server-5] [INFO] [1790815517.137763986] [smoother_server]: Received a path to smooth.
[python3-8] [INFO] [1790815517.143949362] [basic_navigator]: Smoothing path...
[smoother_server-5] [INFO] [1790815517.144396250] [smoother_server]: Received a path to smooth.
[python3-8] Cycle:  74 out of:  100
[python3-8] Start geometry_msgs.msg.PoseStamped(header=std_msgs.msg.Header(stamp=builtin_interfaces.msg.Time(sec=1790815498, nanosec=648624723), frame_id='map'), pose=geometry_msgs.msg.Pose(position=geometry_msgs.msg.Point(x=2.8500000424683094, y=12.400000184774399, z=0.0), orientation=geometry_msgs.msg.Quaternion(x=-0.0, y=0.0, z=0.2779748082812769, w=-0.9605883644730386)))
[python3-8] Goal geometry_msgs.msg.PoseStamped(header=std_msgs.msg.Header(stamp=builtin_interfaces.msg.Time(sec=1790815498, nanosec=648624723), frame_id='map'), pose=geometry_msgs.msg.Pose(position=geometry_msgs.msg.Point(x=3.6000000536441803, y=7.500000111758709, z=0.0), orientation=geometry_msgs.msg.Quaternion(x=0.0, y=0.0, z=0.5402188240167948, w=0.841524582040187)))
[python3-8] [INFO] [1790815517.147504169] [basic_navigator]: Getting path...
[planner_server-4] [INFO] [1790815517.147822254] [planner_server]: Computing path to goal.
[rviz2-7] [INFO] [1790815517.622207208] [nav2_rviz_selector_node]: controller_server service not available
[planner_server-4] [WARN] [1790815517.658406541] [planner_server]: Planner loop missed its desired rate of 20.0000 Hz. Current loop rate is 1.9585 Hz
[python3-8] [INFO] [1790815517.661005632] [basic_navigator]: Smoothing path...
[smoother_server-5] [INFO] [1790815517.661775524] [smoother_server]: Received a path to smooth.
[python3-8] [INFO] [1790815517.665740247] [basic_navigator]: Smoothing path...
[smoother_server-5] [INFO] [1790815517.666458673] [smoother_server]: Received a path to smooth.
[smoother_server-5] WARNING: Logging before InitGoogleLogging() is written to STDERR
[smoother_server-5] W20261001 00:45:17.666754  1388 residual_block.cc:127] 
[smoother_server-5] 
[smoother_server-5] Error in evaluating the ResidualBlock.
[smoother_server-5] 
[smoother_server-5] There are two possible reasons. Either the CostFunction did not evaluate and fill all    
[smoother_server-5] residual and jacobians that were requested or there was a non-finite value (nan/infinite)
[smoother_server-5] generated during the or jacobian computation. 
[smoother_server-5] 
[smoother_server-5] Residual Block size: 3 parameter blocks x 6 residuals
[smoother_server-5] 
[smoother_server-5] For each parameter block, the value of the parameters are printed in the first column   
[smoother_server-5] and the value of the jacobian under the corresponding residual. If a ParameterBlock was 
[smoother_server-5] held constant then the corresponding jacobian is printed as 'Not Computed'. If an entry 
[smoother_server-5] of the Jacobian/residual array was requested but was not written to by user code, it is 
[smoother_server-5] indicated by 'Uninitialized'. This is an error. Residuals or Jacobian values evaluating 
[smoother_server-5] to Inf or NaN is also an error.  
[smoother_server-5] 
[smoother_server-5] Residuals:             -nan         -nan            0            0            0      19.6806 
[smoother_server-5] 
[smoother_server-5] Parameter Block 0, size: 2
[smoother_server-5] 
[smoother_server-5]          3.6 | Not Computed  Not Computed  Not Computed  Not Computed  Not Computed  Not Computed  
[smoother_server-5]          7.5 | Not Computed  Not Computed  Not Computed  Not Computed  Not Computed  Not Computed  
[smoother_server-5] 
[smoother_server-5] Parameter Block 1, size: 2
[smoother_server-5] 
[smoother_server-5]          3.6 | Not Computed  Not Computed  Not Computed  Not Computed  Not Computed  Not Computed  
[smoother_server-5]          7.5 | Not Computed  Not Computed  Not Computed  Not Computed  Not Computed  Not Computed  
[smoother_server-5] 
[smoother_server-5] Parameter Block 2, size: 2
[smoother_server-5] 
[smoother_server-5]      3.56781 |         -nan         -nan            0            0            0            0 
[smoother_server-5]      7.41743 |         -nan         -nan            0            0            0            0 
[smoother_server-5] 
[smoother_server-5] 
[smoother_server-5] E20261001 00:45:17.666798  1388 trust_region_minimizer.cc:72] Terminating: Initial residual and Jacobian evaluation failed.
[smoother_server-5] [ERROR] [1790815517.666876072] [smoother_server]: Solution is not usable
[smoother_server-5] [WARN] [1790815517.666910179] [smoother_server]: [smooth_path] [ActionServer] Aborting handle. error_code:504, error_msg:'Solution is not usable'.
[python3-8] [INFO] [1790815517.669959604] [basic_navigator]: Smoothing path...
[smoother_server-5] [INFO] [1790815517.670551037] [smoother_server]: Received a path to smooth.
[python3-8] Cycle:  75 out of:  100
[python3-8] Start geometry_msgs.msg.PoseStamped(header=std_msgs.msg.Header(stamp=builtin_interfaces.msg.Time(sec=1790815498, nanosec=648624723), frame_id='map'), pose=geometry_msgs.msg.Pose(position=geometry_msgs.msg.Point(x=3.5500000528991222, y=12.800000190734863, z=0.0), orientation=geometry_msgs.msg.Quaternion(x=-0.0, y=0.0, z=0.35391276849286313, w=-0.9352784357065639)))
[python3-8] Goal geometry_msgs.msg.PoseStamped(header=std_msgs.msg.Header(stamp=builtin_interfaces.msg.Time(sec=1790815498, nanosec=648624723), frame_id='map'), pose=geometry_msgs.msg.Pose(position=geometry_msgs.msg.Point(x=6.600000098347664, y=5.600000083446503, z=0.0), orientation=geometry_msgs.msg.Quaternion(x=-0.0, y=0.0, z=0.8241616209305918, w=-0.5663546791411365)))
[python3-8] [INFO] [1790815517.673887115] [basic_navigator]: Getting path...
[planner_server-4] [INFO] [1790815517.674267102] [planner_server]: Computing path to goal.
[python3-8] [INFO] [1790815517.685585496] [basic_navigator]: Smoothing path...
[smoother_server-5] [INFO] [1790815517.686038073] [smoother_server]: Received a path to smooth.
[python3-8] [INFO] [1790815517.689036726] [basic_navigator]: Smoothing path...
[smoother_server-5] [INFO] [1790815517.689593781] [smoother_server]: Received a path to smooth.
[python3-8] [INFO] [1790815517.699250845] [basic_navigator]: Smoothing path...
[smoother_server-5] [INFO] [1790815517.700015332] [smoother_server]: Received a path to smooth.
[python3-8] Cycle:  76 out of:  100
[python3-8] Start geometry_msgs.msg.PoseStamped(header=std_msgs.msg.Header(stamp=builtin_interfaces.msg.Time(sec=1790815498, nanosec=648624723), frame_id='map'), pose=geometry_msgs.msg.Pose(position=geometry_msgs.msg.Point(x=2.450000036507845, y=9.950000148266554, z=0.0), orientation=geometry_msgs.msg.Quaternion(x=-0.0, y=0.0, z=0.9189946072635387, w=-0.39427010008436386)))
[python3-8] Goal geometry_msgs.msg.PoseStamped(header=std_msgs.msg.Header(stamp=builtin_interfaces.msg.Time(sec=1790815498, nanosec=648624723), frame_id='map'), pose=geometry_msgs.msg.Pose(position=geometry_msgs.msg.Point(x=0.800000011920929, y=6.750000100582838, z=0.0), orientation=geometry_msgs.msg.Quaternion(x=0.0, y=0.0, z=0.8281972484845316, w=0.5604367204267142)))
[python3-8] [INFO] [1790815517.703179843] [basic_navigator]: Getting path...
[planner_server-4] [INFO] [1790815517.703474913] [planner_server]: Computing path to goal.
[planner_server-4] [WARN] [1790815517.870077726] [planner_server]: Planner loop missed its desired rate of 20.0000 Hz. Current loop rate is 6.0022 Hz
[python3-8] [INFO] [1790815517.871733747] [basic_navigator]: Smoothing path...
[smoother_server-5] [INFO] [1790815517.872341189] [smoother_server]: Received a path to smooth.
[python3-8] [INFO] [1790815517.875286612] [basic_navigator]: Smoothing path...
[smoother_server-5] [INFO] [1790815517.875763467] [smoother_server]: Received a path to smooth.
[python3-8] [INFO] [1790815517.880986907] [basic_navigator]: Smoothing path...
[smoother_server-5] [INFO] [1790815517.881339609] [smoother_server]: Received a path to smooth.
[python3-8] Cycle:  77 out of:  100
[python3-8] Start geometry_msgs.msg.PoseStamped(header=std_msgs.msg.Header(stamp=builtin_interfaces.msg.Time(sec=1790815498, nanosec=648624723), frame_id='map'), pose=geometry_msgs.msg.Pose(position=geometry_msgs.msg.Point(x=2.3000000342726707, y=8.200000122189522, z=0.0), orientation=geometry_msgs.msg.Quaternion(x=-0.0, y=0.0, z=0.9662943630657679, w=-0.2574397092666978)))
[python3-8] Goal geometry_msgs.msg.PoseStamped(header=std_msgs.msg.Header(stamp=builtin_interfaces.msg.Time(sec=1790815498, nanosec=648624723), frame_id='map'), pose=geometry_msgs.msg.Pose(position=geometry_msgs.msg.Point(x=10.500000156462193, y=13.950000207871199, z=0.0), orientation=geometry_msgs.msg.Quaternion(x=-0.0, y=0.0, z=0.7820603020663346, w=-0.6232027630971428)))
[python3-8] [INFO] [1790815517.884356270] [basic_navigator]: Getting path...
[planner_server-4] [INFO] [1790815517.884737014] [planner_server]: Computing path to goal.
[planner_server-4] [WARN] [1790815518.399560901] [planner_server]: Planner loop missed its desired rate of 20.0000 Hz. Current loop rate is 1.9424 Hz
[python3-8] [INFO] [1790815518.404255176] [basic_navigator]: Smoothing path...
[smoother_server-5] [INFO] [1790815518.404899220] [smoother_server]: Received a path to smooth.
[python3-8] [INFO] [1790815518.408708011] [basic_navigator]: Smoothing path...
[smoother_server-5] [INFO] [1790815518.409220007] [smoother_server]: Received a path to smooth.
[python3-8] [INFO] [1790815518.430053509] [basic_navigator]: Smoothing path...
[smoother_server-5] [INFO] [1790815518.430842770] [smoother_server]: Received a path to smooth.
[python3-8] Cycle:  78 out of:  100
[python3-8] Start geometry_msgs.msg.PoseStamped(header=std_msgs.msg.Header(stamp=builtin_interfaces.msg.Time(sec=1790815498, nanosec=648624723), frame_id='map'), pose=geometry_msgs.msg.Pose(position=geometry_msgs.msg.Point(x=0.5500000081956387, y=4.850000072270632, z=0.0), orientation=geometry_msgs.msg.Quaternion(x=-0.0, y=0.0, z=0.21879077434243938, w=-0.9757717955867733)))
[python3-8] Goal geometry_msgs.msg.PoseStamped(header=std_msgs.msg.Header(stamp=builtin_interfaces.msg.Time(sec=1790815498, nanosec=648624723), frame_id='map'), pose=geometry_msgs.msg.Pose(position=geometry_msgs.msg.Point(x=7.050000105053186, y=12.150000181049109, z=0.0), orientation=geometry_msgs.msg.Quaternion(x=-0.0, y=0.0, z=0.14258935990145324, w=-0.9897819327725143)))
[python3-8] [INFO] [1790815518.435285650] [basic_navigator]: Getting path...
[planner_server-4] [INFO] [1790815518.435761590] [planner_server]: Computing path to goal.
[python3-8] [INFO] [1790815518.480225857] [basic_navigator]: Smoothing path...
[smoother_server-5] [INFO] [1790815518.481069762] [smoother_server]: Received a path to smooth.
[python3-8] [INFO] [1790815518.484564411] [basic_navigator]: Smoothing path...
[smoother_server-5] [INFO] [1790815518.485270040] [smoother_server]: Received a path to smooth.
[python3-8] [INFO] [1790815518.505422339] [basic_navigator]: Smoothing path...
[smoother_server-5] [INFO] [1790815518.506553042] [smoother_server]: Received a path to smooth.
[python3-8] Cycle:  79 out of:  100
[python3-8] Start geometry_msgs.msg.PoseStamped(header=std_msgs.msg.Header(stamp=builtin_interfaces.msg.Time(sec=1790815498, nanosec=648624723), frame_id='map'), pose=geometry_msgs.msg.Pose(position=geometry_msgs.msg.Point(x=3.0500000454485416, y=3.5500000528991222, z=0.0), orientation=geometry_msgs.msg.Quaternion(x=-0.0, y=0.0, z=0.429640165973559, w=-0.9030001814962235)))
[python3-8] Goal geometry_msgs.msg.PoseStamped(header=std_msgs.msg.Header(stamp=builtin_interfaces.msg.Time(sec=1790815498, nanosec=648624723), frame_id='map'), pose=geometry_msgs.msg.Pose(position=geometry_msgs.msg.Point(x=10.250000152736902, y=12.250000182539225, z=0.0), orientation=geometry_msgs.msg.Quaternion(x=0.0, y=0.0, z=0.28774027158728577, w=0.9577084817975013)))
[python3-8] [INFO] [1790815518.511451909] [basic_navigator]: Getting path...
[planner_server-4] [INFO] [1790815518.512006668] [planner_server]: Computing path to goal.
[python3-8] [INFO] [1790815518.518855756] [basic_navigator]: Smoothing path...
[smoother_server-5] [INFO] [1790815518.519525058] [smoother_server]: Received a path to smooth.
[python3-8] [INFO] [1790815518.522744984] [basic_navigator]: Smoothing path...
[smoother_server-5] [INFO] [1790815518.523207249] [smoother_server]: Received a path to smooth.
[python3-8] [INFO] [1790815518.530855306] [basic_navigator]: Smoothing path...
[smoother_server-5] [INFO] [1790815518.531456256] [smoother_server]: Received a path to smooth.
[python3-8] Cycle:  80 out of:  100
[python3-8] Start geometry_msgs.msg.PoseStamped(header=std_msgs.msg.Header(stamp=builtin_interfaces.msg.Time(sec=1790815498, nanosec=648624723), frame_id='map'), pose=geometry_msgs.msg.Pose(position=geometry_msgs.msg.Point(x=6.45000009611249, y=10.500000156462193, z=0.0), orientation=geometry_msgs.msg.Quaternion(x=0.0, y=0.0, z=0.9723206678692956, w=0.23365042014558177)))
[python3-8] Goal geometry_msgs.msg.PoseStamped(header=std_msgs.msg.Header(stamp=builtin_interfaces.msg.Time(sec=1790815498, nanosec=648624723), frame_id='map'), pose=geometry_msgs.msg.Pose(position=geometry_msgs.msg.Point(x=4.6000000685453415, y=0.9000000134110451, z=0.0), orientation=geometry_msgs.msg.Quaternion(x=0.0, y=0.0, z=0.9818683725883088, w=0.18956397049752324)))
[python3-8] [INFO] [1790815518.534836257] [basic_navigator]: Getting path...
[planner_server-4] [INFO] [1790815518.535196317] [planner_server]: Computing path to goal.
[python3-8] [INFO] [1790815518.567149101] [basic_navigator]: Smoothing path...
[smoother_server-5] [INFO] [1790815518.567944826] [smoother_server]: Received a path to smooth.
[python3-8] [INFO] [1790815518.571423484] [basic_navigator]: Smoothing path...
[smoother_server-5] [INFO] [1790815518.571912287] [smoother_server]: Received a path to smooth.
[python3-8] [INFO] [1790815518.582266702] [basic_navigator]: Smoothing path...
[smoother_server-5] [INFO] [1790815518.582807872] [smoother_server]: Received a path to smooth.
[python3-8] Cycle:  81 out of:  100
[python3-8] Start geometry_msgs.msg.PoseStamped(header=std_msgs.msg.Header(stamp=builtin_interfaces.msg.Time(sec=1790815498, nanosec=648624723), frame_id='map'), pose=geometry_msgs.msg.Pose(position=geometry_msgs.msg.Point(x=9.150000136345625, y=12.400000184774399, z=0.0), orientation=geometry_msgs.msg.Quaternion(x=0.0, y=0.0, z=0.9874953695390659, w=0.15764801025989433)))
[python3-8] Goal geometry_msgs.msg.PoseStamped(header=std_msgs.msg.Header(stamp=builtin_interfaces.msg.Time(sec=1790815498, nanosec=648624723), frame_id='map'), pose=geometry_msgs.msg.Pose(position=geometry_msgs.msg.Point(x=7.850000116974115, y=6.600000098347664, z=0.0), orientation=geometry_msgs.msg.Quaternion(x=0.0, y=0.0, z=0.8274952819655722, w=0.5614726692589036)))
[python3-8] [INFO] [1790815518.585305366] [basic_navigator]: Getting path...
[planner_server-4] [INFO] [1790815518.585630327] [planner_server]: Computing path to goal.
[python3-8] [INFO] [1790815518.605612207] [basic_navigator]: Smoothing path...
[smoother_server-5] [INFO] [1790815518.606280225] [smoother_server]: Received a path to smooth.
[python3-8] [INFO] [1790815518.610353437] [basic_navigator]: Smoothing path...
[smoother_server-5] [INFO] [1790815518.610752481] [smoother_server]: Received a path to smooth.
[python3-8] [INFO] [1790815518.615978674] [basic_navigator]: Smoothing path...
[smoother_server-5] [INFO] [1790815518.616413222] [smoother_server]: Received a path to smooth.
[python3-8] Cycle:  82 out of:  100
[python3-8] Start geometry_msgs.msg.PoseStamped(header=std_msgs.msg.Header(stamp=builtin_interfaces.msg.Time(sec=1790815498, nanosec=648624723), frame_id='map'), pose=geometry_msgs.msg.Pose(position=geometry_msgs.msg.Point(x=4.6000000685453415, y=1.9500000290572643, z=0.0), orientation=geometry_msgs.msg.Quaternion(x=0.0, y=0.0, z=0.18779270226612546, w=0.9822086850438588)))
[python3-8] Goal geometry_msgs.msg.PoseStamped(header=std_msgs.msg.Header(stamp=builtin_interfaces.msg.Time(sec=1790815498, nanosec=648624723), frame_id='map'), pose=geometry_msgs.msg.Pose(position=geometry_msgs.msg.Point(x=5.300000078976154, y=7.800000116229057, z=0.0), orientation=geometry_msgs.msg.Quaternion(x=-0.0, y=0.0, z=0.8472464130483097, w=-0.5312000711377711)))
[python3-8] [INFO] [1790815518.618863028] [basic_navigator]: Getting path...
[planner_server-4] [INFO] [1790815518.619228634] [planner_server]: Computing path to goal.
[rviz2-7] [INFO] [1790815518.624841228] [nav2_rviz_selector_node]: controller_server service not available
[planner_server-4] [WARN] [1790815519.037106401] [planner_server]: Planner loop missed its desired rate of 20.0000 Hz. Current loop rate is 2.3930 Hz
[python3-8] [INFO] [1790815519.039012235] [basic_navigator]: Smoothing path...
[smoother_server-5] [INFO] [1790815519.039480849] [smoother_server]: Received a path to smooth.
[python3-8] [INFO] [1790815519.042288008] [basic_navigator]: Smoothing path...
[smoother_server-5] [INFO] [1790815519.042819555] [smoother_server]: Received a path to smooth.
[python3-8] [INFO] [1790815519.050614587] [basic_navigator]: Smoothing path...
[smoother_server-5] [INFO] [1790815519.050939484] [smoother_server]: Received a path to smooth.
[python3-8] Cycle:  83 out of:  100
[python3-8] Start geometry_msgs.msg.PoseStamped(header=std_msgs.msg.Header(stamp=builtin_interfaces.msg.Time(sec=1790815498, nanosec=648624723), frame_id='map'), pose=geometry_msgs.msg.Pose(position=geometry_msgs.msg.Point(x=2.7000000402331352, y=6.550000097602606, z=0.0), orientation=geometry_msgs.msg.Quaternion(x=-0.0, y=0.0, z=0.44385842908963885, w=-0.8960969227299456)))
[python3-8] Goal geometry_msgs.msg.PoseStamped(header=std_msgs.msg.Header(stamp=builtin_interfaces.msg.Time(sec=1790815498, nanosec=648624723), frame_id='map'), pose=geometry_msgs.msg.Pose(position=geometry_msgs.msg.Point(x=12.90000019222498, y=1.5000000223517418, z=0.0), orientation=geometry_msgs.msg.Quaternion(x=-0.0, y=0.0, z=0.8508235340646301, w=-0.5254515333327835)))
[python3-8] [INFO] [1790815519.054061630] [basic_navigator]: Getting path...
[planner_server-4] [INFO] [1790815519.054445232] [planner_server]: Computing path to goal.
[python3-8] [INFO] [1790815519.080808932] [basic_navigator]: Smoothing path...
[smoother_server-5] [INFO] [1790815519.081529547] [smoother_server]: Received a path to smooth.
[python3-8] [INFO] [1790815519.085788490] [basic_navigator]: Smoothing path...
[smoother_server-5] [INFO] [1790815519.086436544] [smoother_server]: Received a path to smooth.
[python3-8] [INFO] [1790815519.104160247] [basic_navigator]: Smoothing path...
[smoother_server-5] [INFO] [1790815519.105096532] [smoother_server]: Received a path to smooth.
[python3-8] Cycle:  84 out of:  100
[python3-8] Start geometry_msgs.msg.PoseStamped(header=std_msgs.msg.Header(stamp=builtin_interfaces.msg.Time(sec=1790815498, nanosec=648624723), frame_id='map'), pose=geometry_msgs.msg.Pose(position=geometry_msgs.msg.Point(x=10.700000159442425, y=4.850000072270632, z=0.0), orientation=geometry_msgs.msg.Quaternion(x=0.0, y=0.0, z=0.6476406024703419, w=0.7619459626717977)))
[python3-8] Goal geometry_msgs.msg.PoseStamped(header=std_msgs.msg.Header(stamp=builtin_interfaces.msg.Time(sec=1790815498, nanosec=648624723), frame_id='map'), pose=geometry_msgs.msg.Pose(position=geometry_msgs.msg.Point(x=0.800000011920929, y=5.4000000804662704, z=0.0), orientation=geometry_msgs.msg.Quaternion(x=0.0, y=0.0, z=0.9933831483710555, w=0.11484737930144372)))
[python3-8] [INFO] [1790815519.109353751] [basic_navigator]: Getting path...
[planner_server-4] [INFO] [1790815519.109840479] [planner_server]: Computing path to goal.
[planner_server-4] [WARN] [1790815519.345826071] [planner_server]: Planner loop missed its desired rate of 20.0000 Hz. Current loop rate is 4.2375 Hz
[python3-8] [INFO] [1790815519.347902894] [basic_navigator]: Smoothing path...
[smoother_server-5] [INFO] [1790815519.348656030] [smoother_server]: Received a path to smooth.
[python3-8] [INFO] [1790815519.352220821] [basic_navigator]: Smoothing path...
[smoother_server-5] [INFO] [1790815519.352706228] [smoother_server]: Received a path to smooth.
[python3-8] [INFO] [1790815519.364213328] [basic_navigator]: Smoothing path...
[smoother_server-5] [INFO] [1790815519.364749870] [smoother_server]: Received a path to smooth.
[python3-8] Cycle:  85 out of:  100
[python3-8] Start geometry_msgs.msg.PoseStamped(header=std_msgs.msg.Header(stamp=builtin_interfaces.msg.Time(sec=1790815498, nanosec=648624723), frame_id='map'), pose=geometry_msgs.msg.Pose(position=geometry_msgs.msg.Point(x=4.300000064074993, y=11.650000173598528, z=0.0), orientation=geometry_msgs.msg.Quaternion(x=0.0, y=0.0, z=0.99982674603343, w=0.01861391727184402)))
[python3-8] Goal geometry_msgs.msg.PoseStamped(header=std_msgs.msg.Header(stamp=builtin_interfaces.msg.Time(sec=1790815498, nanosec=648624723), frame_id='map'), pose=geometry_msgs.msg.Pose(position=geometry_msgs.msg.Point(x=1.4500000216066837, y=7.850000116974115, z=0.0), orientation=geometry_msgs.msg.Quaternion(x=0.0, y=0.0, z=0.10853461142767497, w=0.9940926707919355)))
[python3-8] [INFO] [1790815519.385759785] [basic_navigator]: Getting path...
[planner_server-4] [INFO] [1790815519.386227749] [planner_server]: Computing path to goal.
[planner_server-4] [WARN] [1790815519.467096613] [planner_server]: Planner loop missed its desired rate of 20.0000 Hz. Current loop rate is 12.3652 Hz
[python3-8] [INFO] [1790815519.469050857] [basic_navigator]: Smoothing path...
[smoother_server-5] [INFO] [1790815519.469809153] [smoother_server]: Received a path to smooth.
[python3-8] [INFO] [1790815519.473026887] [basic_navigator]: Smoothing path...
[smoother_server-5] [INFO] [1790815519.473711443] [smoother_server]: Received a path to smooth.
[python3-8] [INFO] [1790815519.486205821] [basic_navigator]: Smoothing path...
[smoother_server-5] [INFO] [1790815519.486872336] [smoother_server]: Received a path to smooth.
[python3-8] Cycle:  86 out of:  100
[python3-8] Start geometry_msgs.msg.PoseStamped(header=std_msgs.msg.Header(stamp=builtin_interfaces.msg.Time(sec=1790815498, nanosec=648624723), frame_id='map'), pose=geometry_msgs.msg.Pose(position=geometry_msgs.msg.Point(x=3.9500000588595867, y=10.55000015720725, z=0.0), orientation=geometry_msgs.msg.Quaternion(x=-0.0, y=0.0, z=0.7742275711495886, w=-0.6329073139661199)))
[python3-8] Goal geometry_msgs.msg.PoseStamped(header=std_msgs.msg.Header(stamp=builtin_interfaces.msg.Time(sec=1790815498, nanosec=648624723), frame_id='map'), pose=geometry_msgs.msg.Pose(position=geometry_msgs.msg.Point(x=8.200000122189522, y=4.950000073760748, z=0.0), orientation=geometry_msgs.msg.Quaternion(x=-0.0, y=0.0, z=0.6884127472083899, w=-0.7253191638727035)))
[python3-8] [INFO] [1790815519.492658766] [basic_navigator]: Getting path...
[planner_server-4] [INFO] [1790815519.493054414] [planner_server]: Computing path to goal.
[python3-8] [INFO] [1790815519.510272180] [basic_navigator]: Smoothing path...
[smoother_server-5] [INFO] [1790815519.511038252] [smoother_server]: Received a path to smooth.
[python3-8] [INFO] [1790815519.517311289] [basic_navigator]: Smoothing path...
[smoother_server-5] [INFO] [1790815519.518055919] [smoother_server]: Received a path to smooth.
[python3-8] [INFO] [1790815519.534685554] [basic_navigator]: Smoothing path...
[smoother_server-5] [INFO] [1790815519.535515017] [smoother_server]: Received a path to smooth.
[python3-8] Cycle:  87 out of:  100
[python3-8] Start geometry_msgs.msg.PoseStamped(header=std_msgs.msg.Header(stamp=builtin_interfaces.msg.Time(sec=1790815498, nanosec=648624723), frame_id='map'), pose=geometry_msgs.msg.Pose(position=geometry_msgs.msg.Point(x=2.8500000424683094, y=8.50000012665987, z=0.0), orientation=geometry_msgs.msg.Quaternion(x=0.0, y=0.0, z=0.7412751535328486, w=0.6712012714192754)))
[python3-8] Goal geometry_msgs.msg.PoseStamped(header=std_msgs.msg.Header(stamp=builtin_interfaces.msg.Time(sec=1790815498, nanosec=648624723), frame_id='map'), pose=geometry_msgs.msg.Pose(position=geometry_msgs.msg.Point(x=8.400000125169754, y=8.900000132620335, z=0.0), orientation=geometry_msgs.msg.Quaternion(x=0.0, y=0.0, z=0.9874668476891556, w=0.15782656530141517)))
[python3-8] [INFO] [1790815519.539774481] [basic_navigator]: Getting path...
[planner_server-4] [INFO] [1790815519.540087136] [planner_server]: Computing path to goal.
[rviz2-7] [INFO] [1790815519.627581947] [nav2_rviz_selector_node]: controller_server service not available
[planner_server-4] [WARN] [1790815519.767016779] [planner_server]: Planner loop missed its desired rate of 20.0000 Hz. Current loop rate is 4.4066 Hz
[python3-8] [INFO] [1790815519.769328735] [basic_navigator]: Smoothing path...
[smoother_server-5] [INFO] [1790815519.770204966] [smoother_server]: Received a path to smooth.
[python3-8] [INFO] [1790815519.773765820] [basic_navigator]: Smoothing path...
[smoother_server-5] [INFO] [1790815519.774429795] [smoother_server]: Received a path to smooth.
[python3-8] [INFO] [1790815519.788103892] [basic_navigator]: Smoothing path...
[smoother_server-5] [INFO] [1790815519.788817882] [smoother_server]: Received a path to smooth.
[python3-8] Cycle:  88 out of:  100
[python3-8] Start geometry_msgs.msg.PoseStamped(header=std_msgs.msg.Header(stamp=builtin_interfaces.msg.Time(sec=1790815498, nanosec=648624723), frame_id='map'), pose=geometry_msgs.msg.Pose(position=geometry_msgs.msg.Point(x=7.550000112503767, y=4.300000064074993, z=0.0), orientation=geometry_msgs.msg.Quaternion(x=-0.0, y=0.0, z=0.7092101358990248, w=-0.7049971511560077)))
[python3-8] Goal geometry_msgs.msg.PoseStamped(header=std_msgs.msg.Header(stamp=builtin_interfaces.msg.Time(sec=1790815498, nanosec=648624723), frame_id='map'), pose=geometry_msgs.msg.Pose(position=geometry_msgs.msg.Point(x=3.35000004991889, y=1.0000000149011612, z=0.0), orientation=geometry_msgs.msg.Quaternion(x=-0.0, y=0.0, z=0.7380326559416086, w=-0.6747649952122406)))
[python3-8] [INFO] [1790815519.792428290] [basic_navigator]: Getting path...
[planner_server-4] [INFO] [1790815519.792934441] [planner_server]: Computing path to goal.
[planner_server-4] [WARN] [1790815519.798836734] [planner_server]: SmacHybridplugin failed to plan from (7.55, 4.30) [q: -0.00, 0.00, 0.71, -0.70] (yaw: -1.58) to (3.35, 1.00) [q: -0.00, 0.00, 0.74, -0.67] (yaw: -1.66): "no valid path found"
[planner_server-4] [WARN] [1790815519.798871541] [planner_server]: [compute_path_to_pose] [ActionServer] Aborting handle. error_code:208, error_msg:'SmacHybridplugin failed to plan from (7.55, 4.30) [q: -0.00, 0.00, 0.71, -0.70] (yaw: -1.58) to (3.35, 1.00) [q: -0.00, 0.00, 0.74, -0.67] (yaw: -1.66): "no valid path found"'.
[python3-8] SmacHybrid planner failed to produce the path
[python3-8] Cycle:  88 out of:  100
[python3-8] Start geometry_msgs.msg.PoseStamped(header=std_msgs.msg.Header(stamp=builtin_interfaces.msg.Time(sec=1790815498, nanosec=648624723), frame_id='map'), pose=geometry_msgs.msg.Pose(position=geometry_msgs.msg.Point(x=10.150000151246786, y=9.00000013411045, z=0.0), orientation=geometry_msgs.msg.Quaternion(x=-0.0, y=0.0, z=0.4004896504211314, w=-0.9163012822786837)))
[python3-8] Goal geometry_msgs.msg.PoseStamped(header=std_msgs.msg.Header(stamp=builtin_interfaces.msg.Time(sec=1790815498, nanosec=648624723), frame_id='map'), pose=geometry_msgs.msg.Pose(position=geometry_msgs.msg.Point(x=5.900000087916851, y=1.2500000186264515, z=0.0), orientation=geometry_msgs.msg.Quaternion(x=-0.0, y=0.0, z=0.9737672654899604, w=-0.22754628685215872)))
[python3-8] [INFO] [1790815519.800066344] [basic_navigator]: Getting path...
[planner_server-4] [INFO] [1790815519.800456526] [planner_server]: Computing path to goal.
[python3-8] [INFO] [1790815519.819897657] [basic_navigator]: Smoothing path...
[smoother_server-5] [INFO] [1790815519.820536208] [smoother_server]: Received a path to smooth.
[python3-8] [INFO] [1790815519.824081491] [basic_navigator]: Smoothing path...
[smoother_server-5] [INFO] [1790815519.824572620] [smoother_server]: Received a path to smooth.
[python3-8] [INFO] [1790815519.837036188] [basic_navigator]: Smoothing path...
[smoother_server-5] [INFO] [1790815519.837580755] [smoother_server]: Received a path to smooth.
[python3-8] Cycle:  89 out of:  100
[python3-8] Start geometry_msgs.msg.PoseStamped(header=std_msgs.msg.Header(stamp=builtin_interfaces.msg.Time(sec=1790815498, nanosec=648624723), frame_id='map'), pose=geometry_msgs.msg.Pose(position=geometry_msgs.msg.Point(x=4.90000007301569, y=3.1500000469386578, z=0.0), orientation=geometry_msgs.msg.Quaternion(x=0.0, y=0.0, z=0.6092198008660158, w=0.793001408720547)))
[python3-8] Goal geometry_msgs.msg.PoseStamped(header=std_msgs.msg.Header(stamp=builtin_interfaces.msg.Time(sec=1790815498, nanosec=648624723), frame_id='map'), pose=geometry_msgs.msg.Pose(position=geometry_msgs.msg.Point(x=14.200000211596489, y=9.400000140070915, z=0.0), orientation=geometry_msgs.msg.Quaternion(x=-0.0, y=0.0, z=0.3963749026909558, w=-0.91808874109028)))
[python3-8] [INFO] [1790815519.841912317] [basic_navigator]: Getting path...
[planner_server-4] [INFO] [1790815519.842296413] [planner_server]: Computing path to goal.
[rviz2-7] [INFO] [1790815520.630743647] [nav2_rviz_selector_node]: controller_server service not available
[rviz2-7] [INFO] [1790815520.632231122] [nav2_rviz_selector_node]: Failed to load plugins. Retrying...
[planner_server-4] [WARN] [1790815520.672750130] [planner_server]: SmacHybridplugin failed to plan from (4.90, 3.15) [q: 0.00, 0.00, 0.61, 0.79] (yaw: 1.31) to (14.20, 9.40) [q: -0.00, 0.00, 0.40, -0.92] (yaw: -0.82): "exceeded maximum iterations"
[planner_server-4] [WARN] [1790815520.672804826] [planner_server]: [compute_path_to_pose] [ActionServer] Aborting handle. error_code:207, error_msg:'SmacHybridplugin failed to plan from (4.90, 3.15) [q: 0.00, 0.00, 0.61, 0.79] (yaw: 1.31) to (14.20, 9.40) [q: -0.00, 0.00, 0.40, -0.92] (yaw: -0.82): "exceeded maximum iterations"'.
[python3-8] SmacHybrid planner failed to produce the path
[python3-8] Cycle:  89 out of:  100
[python3-8] Start geometry_msgs.msg.PoseStamped(header=std_msgs.msg.Header(stamp=builtin_interfaces.msg.Time(sec=1790815498, nanosec=648624723), frame_id='map'), pose=geometry_msgs.msg.Pose(position=geometry_msgs.msg.Point(x=4.6000000685453415, y=14.350000213831663, z=0.0), orientation=geometry_msgs.msg.Quaternion(x=0.0, y=0.0, z=0.31157558011052977, w=0.9502213730909166)))
[python3-8] Goal geometry_msgs.msg.PoseStamped(header=std_msgs.msg.Header(stamp=builtin_interfaces.msg.Time(sec=1790815498, nanosec=648624723), frame_id='map'), pose=geometry_msgs.msg.Pose(position=geometry_msgs.msg.Point(x=12.550000187009573, y=10.950000163167715, z=0.0), orientation=geometry_msgs.msg.Quaternion(x=-0.0, y=0.0, z=0.6040618672697003, w=-0.7969374257183828)))
[python3-8] [INFO] [1790815520.674276298] [basic_navigator]: Getting path...
[planner_server-4] [INFO] [1790815520.674558726] [planner_server]: Computing path to goal.
[planner_server-4] [WARN] [1790815520.881363098] [planner_server]: Planner loop missed its desired rate of 20.0000 Hz. Current loop rate is 4.8351 Hz
[python3-8] [INFO] [1790815520.883482061] [basic_navigator]: Smoothing path...
[smoother_server-5] [INFO] [1790815520.884158314] [smoother_server]: Received a path to smooth.
[python3-8] [INFO] [1790815520.887139282] [basic_navigator]: Smoothing path...
[smoother_server-5] [INFO] [1790815520.887723693] [smoother_server]: Received a path to smooth.
[python3-8] [INFO] [1790815520.895920565] [basic_navigator]: Smoothing path...
[smoother_server-5] [INFO] [1790815520.896925395] [smoother_server]: Received a path to smooth.
[python3-8] Cycle:  90 out of:  100
[python3-8] Start geometry_msgs.msg.PoseStamped(header=std_msgs.msg.Header(stamp=builtin_interfaces.msg.Time(sec=1790815498, nanosec=648624723), frame_id='map'), pose=geometry_msgs.msg.Pose(position=geometry_msgs.msg.Point(x=10.650000158697367, y=6.750000100582838, z=0.0), orientation=geometry_msgs.msg.Quaternion(x=-0.0, y=0.0, z=0.9234431607317348, w=-0.38373523280744404)))
[python3-8] Goal geometry_msgs.msg.PoseStamped(header=std_msgs.msg.Header(stamp=builtin_interfaces.msg.Time(sec=1790815498, nanosec=648624723), frame_id='map'), pose=geometry_msgs.msg.Pose(position=geometry_msgs.msg.Point(x=8.75000013038516, y=9.700000144541264, z=0.0), orientation=geometry_msgs.msg.Quaternion(x=0.0, y=0.0, z=0.9935117710174004, w=0.1137293315282761)))
[python3-8] [INFO] [1790815520.900259938] [basic_navigator]: Getting path...
[planner_server-4] [INFO] [1790815520.900730538] [planner_server]: Computing path to goal.
[python3-8] [INFO] [1790815520.907604103] [basic_navigator]: Smoothing path...
[smoother_server-5] [INFO] [1790815520.907938644] [smoother_server]: Received a path to smooth.
[python3-8] [INFO] [1790815520.910605928] [basic_navigator]: Smoothing path...
[smoother_server-5] [INFO] [1790815520.910951396] [smoother_server]: Received a path to smooth.
[python3-8] [INFO] [1790815520.914829106] [basic_navigator]: Smoothing path...
[smoother_server-5] [INFO] [1790815520.915186607] [smoother_server]: Received a path to smooth.
[python3-8] Cycle:  91 out of:  100
[python3-8] Start geometry_msgs.msg.PoseStamped(header=std_msgs.msg.Header(stamp=builtin_interfaces.msg.Time(sec=1790815498, nanosec=648624723), frame_id='map'), pose=geometry_msgs.msg.Pose(position=geometry_msgs.msg.Point(x=10.450000155717134, y=12.150000181049109, z=0.0), orientation=geometry_msgs.msg.Quaternion(x=-0.0, y=0.0, z=0.15315718608520318, w=-0.9882018398841719)))
[python3-8] Goal geometry_msgs.msg.PoseStamped(header=std_msgs.msg.Header(stamp=builtin_interfaces.msg.Time(sec=1790815498, nanosec=648624723), frame_id='map'), pose=geometry_msgs.msg.Pose(position=geometry_msgs.msg.Point(x=13.050000194460154, y=7.300000108778477, z=0.0), orientation=geometry_msgs.msg.Quaternion(x=-0.0, y=0.0, z=0.1569397808437531, w=-0.9876081739175283)))
[python3-8] [INFO] [1790815520.917949530] [basic_navigator]: Getting path...
[planner_server-4] [INFO] [1790815520.918151477] [planner_server]: Computing path to goal.
[python3-8] [INFO] [1790815520.920872026] [basic_navigator]: Smoothing path...
[smoother_server-5] [INFO] [1790815520.921230342] [smoother_server]: Received a path to smooth.
[python3-8] [INFO] [1790815520.924090376] [basic_navigator]: Smoothing path...
[smoother_server-5] [INFO] [1790815520.924550758] [smoother_server]: Received a path to smooth.
[python3-8] [INFO] [1790815520.927463692] [basic_navigator]: Smoothing path...
[smoother_server-5] [INFO] [1790815520.928044292] [smoother_server]: Received a path to smooth.
[python3-8] Cycle:  92 out of:  100
[python3-8] Start geometry_msgs.msg.PoseStamped(header=std_msgs.msg.Header(stamp=builtin_interfaces.msg.Time(sec=1790815498, nanosec=648624723), frame_id='map'), pose=geometry_msgs.msg.Pose(position=geometry_msgs.msg.Point(x=9.300000138580799, y=14.400000214576721, z=0.0), orientation=geometry_msgs.msg.Quaternion(x=0.0, y=0.0, z=0.016731743451482282, w=0.9998600145825783)))
[python3-8] Goal geometry_msgs.msg.PoseStamped(header=std_msgs.msg.Header(stamp=builtin_interfaces.msg.Time(sec=1790815498, nanosec=648624723), frame_id='map'), pose=geometry_msgs.msg.Pose(position=geometry_msgs.msg.Point(x=13.800000205636024, y=8.25000012293458, z=0.0), orientation=geometry_msgs.msg.Quaternion(x=-0.0, y=0.0, z=0.8888185724394623, w=-0.458259255538474)))
[python3-8] [INFO] [1790815520.931612472] [basic_navigator]: Getting path...
[planner_server-4] [INFO] [1790815520.931935242] [planner_server]: Computing path to goal.
[python3-8] [INFO] [1790815520.963688251] [basic_navigator]: Smoothing path...
[smoother_server-5] [INFO] [1790815520.964546611] [smoother_server]: Received a path to smooth.
[python3-8] [INFO] [1790815520.969857721] [basic_navigator]: Smoothing path...
[smoother_server-5] [INFO] [1790815520.970578548] [smoother_server]: Received a path to smooth.
[python3-8] [INFO] [1790815520.974976327] [basic_navigator]: Smoothing path...
[smoother_server-5] [INFO] [1790815520.975596974] [smoother_server]: Received a path to smooth.
[python3-8] Cycle:  93 out of:  100
[python3-8] Start geometry_msgs.msg.PoseStamped(header=std_msgs.msg.Header(stamp=builtin_interfaces.msg.Time(sec=1790815498, nanosec=648624723), frame_id='map'), pose=geometry_msgs.msg.Pose(position=geometry_msgs.msg.Point(x=3.1000000461935997, y=13.250000197440386, z=0.0), orientation=geometry_msgs.msg.Quaternion(x=0.0, y=0.0, z=0.7216706422320734, w=0.6922365810475105)))
[python3-8] Goal geometry_msgs.msg.PoseStamped(header=std_msgs.msg.Header(stamp=builtin_interfaces.msg.Time(sec=1790815498, nanosec=648624723), frame_id='map'), pose=geometry_msgs.msg.Pose(position=geometry_msgs.msg.Point(x=6.650000099092722, y=10.000000149011612, z=0.0), orientation=geometry_msgs.msg.Quaternion(x=0.0, y=0.0, z=0.5052407957313243, w=0.8629784112761908)))
[python3-8] [INFO] [1790815520.978987593] [basic_navigator]: Getting path...
[planner_server-4] [INFO] [1790815520.979306621] [planner_server]: Computing path to goal.
[planner_server-4] [WARN] [1790815521.050348991] [planner_server]: Planner loop missed its desired rate of 20.0000 Hz. Current loop rate is 14.0755 Hz
[python3-8] [INFO] [1790815521.052208039] [basic_navigator]: Smoothing path...
[smoother_server-5] [INFO] [1790815521.052868565] [smoother_server]: Received a path to smooth.
[python3-8] [INFO] [1790815521.056466561] [basic_navigator]: Smoothing path...
[smoother_server-5] [INFO] [1790815521.056904716] [smoother_server]: Received a path to smooth.
[python3-8] [INFO] [1790815521.060773338] [basic_navigator]: Smoothing path...
[smoother_server-5] [INFO] [1790815521.061125295] [smoother_server]: Received a path to smooth.
[python3-8] Cycle:  94 out of:  100
[python3-8] Start geometry_msgs.msg.PoseStamped(header=std_msgs.msg.Header(stamp=builtin_interfaces.msg.Time(sec=1790815498, nanosec=648624723), frame_id='map'), pose=geometry_msgs.msg.Pose(position=geometry_msgs.msg.Point(x=8.00000011920929, y=11.10000016540289, z=0.0), orientation=geometry_msgs.msg.Quaternion(x=-0.0, y=0.0, z=0.892671126785503, w=-0.4507086191803974)))
[python3-8] Goal geometry_msgs.msg.PoseStamped(header=std_msgs.msg.Header(stamp=builtin_interfaces.msg.Time(sec=1790815498, nanosec=648624723), frame_id='map'), pose=geometry_msgs.msg.Pose(position=geometry_msgs.msg.Point(x=4.850000072270632, y=4.200000062584877, z=0.0), orientation=geometry_msgs.msg.Quaternion(x=0.0, y=0.0, z=0.4821033109637867, w=0.8761143747010172)))
[python3-8] [INFO] [1790815521.064173489] [basic_navigator]: Getting path...
[planner_server-4] [INFO] [1790815521.064423893] [planner_server]: Computing path to goal.
[planner_server-4] [WARN] [1790815521.418949044] [planner_server]: Planner loop missed its desired rate of 20.0000 Hz. Current loop rate is 2.8207 Hz
[python3-8] [INFO] [1790815521.421028175] [basic_navigator]: Smoothing path...
[smoother_server-5] [INFO] [1790815521.421767631] [smoother_server]: Received a path to smooth.
[python3-8] [INFO] [1790815521.424991640] [basic_navigator]: Smoothing path...
[smoother_server-5] [INFO] [1790815521.425429984] [smoother_server]: Received a path to smooth.
[python3-8] [INFO] [1790815521.436854932] [basic_navigator]: Smoothing path...
[smoother_server-5] [INFO] [1790815521.437381393] [smoother_server]: Received a path to smooth.
[python3-8] Cycle:  95 out of:  100
[python3-8] Start geometry_msgs.msg.PoseStamped(header=std_msgs.msg.Header(stamp=builtin_interfaces.msg.Time(sec=1790815498, nanosec=648624723), frame_id='map'), pose=geometry_msgs.msg.Pose(position=geometry_msgs.msg.Point(x=3.6500000543892384, y=2.1500000320374966, z=0.0), orientation=geometry_msgs.msg.Quaternion(x=0.0, y=0.0, z=0.9546687732511144, w=0.2976701754949802)))
[python3-8] Goal geometry_msgs.msg.PoseStamped(header=std_msgs.msg.Header(stamp=builtin_interfaces.msg.Time(sec=1790815498, nanosec=648624723), frame_id='map'), pose=geometry_msgs.msg.Pose(position=geometry_msgs.msg.Point(x=0.9000000134110451, y=4.6500000692903996, z=0.0), orientation=geometry_msgs.msg.Quaternion(x=-0.0, y=0.0, z=0.14040309625482006, w=-0.9900944250737198)))
[python3-8] [INFO] [1790815521.441332429] [basic_navigator]: Getting path...
[planner_server-4] [INFO] [1790815521.441611298] [planner_server]: Computing path to goal.
[planner_server-4] [WARN] [1790815521.508003683] [planner_server]: Planner loop missed its desired rate of 20.0000 Hz. Current loop rate is 15.0621 Hz
[python3-8] [INFO] [1790815521.509503534] [basic_navigator]: Smoothing path...
[smoother_server-5] [INFO] [1790815521.510261283] [smoother_server]: Received a path to smooth.
[python3-8] [INFO] [1790815521.513025030] [basic_navigator]: Smoothing path...
[smoother_server-5] [INFO] [1790815521.513432545] [smoother_server]: Received a path to smooth.
[python3-8] [INFO] [1790815521.516467177] [basic_navigator]: Smoothing path...
[smoother_server-5] [INFO] [1790815521.516870295] [smoother_server]: Received a path to smooth.
[python3-8] Cycle:  96 out of:  100
[python3-8] Start geometry_msgs.msg.PoseStamped(header=std_msgs.msg.Header(stamp=builtin_interfaces.msg.Time(sec=1790815498, nanosec=648624723), frame_id='map'), pose=geometry_msgs.msg.Pose(position=geometry_msgs.msg.Point(x=6.850000102072954, y=9.100000135600567, z=0.0), orientation=geometry_msgs.msg.Quaternion(x=0.0, y=0.0, z=0.019052235558370805, w=0.9998184896871173)))
[python3-8] Goal geometry_msgs.msg.PoseStamped(header=std_msgs.msg.Header(stamp=builtin_interfaces.msg.Time(sec=1790815498, nanosec=648624723), frame_id='map'), pose=geometry_msgs.msg.Pose(position=geometry_msgs.msg.Point(x=10.05000014975667, y=14.250000212341547, z=0.0), orientation=geometry_msgs.msg.Quaternion(x=-0.0, y=0.0, z=0.5917780989548294, w=-0.806100912787852)))
[python3-8] [INFO] [1790815521.519619782] [basic_navigator]: Getting path...
[planner_server-4] [INFO] [1790815521.519877358] [planner_server]: Computing path to goal.
[rviz2-7] [INFO] [1790815521.620789075] [nav2_rviz_selector_node]: Trying to load plugins...
[planner_server-4] [WARN] [1790815522.360241722] [planner_server]: SmacHybridplugin failed to plan from (6.85, 9.10) [q: 0.00, 0.00, 0.02, 1.00] (yaw: 0.04) to (10.05, 14.25) [q: -0.00, 0.00, 0.59, -0.81] (yaw: -1.27): "exceeded maximum iterations"
[planner_server-4] [WARN] [1790815522.360294407] [planner_server]: [compute_path_to_pose] [ActionServer] Aborting handle. error_code:207, error_msg:'SmacHybridplugin failed to plan from (6.85, 9.10) [q: 0.00, 0.00, 0.02, 1.00] (yaw: 0.04) to (10.05, 14.25) [q: -0.00, 0.00, 0.59, -0.81] (yaw: -1.27): "exceeded maximum iterations"'.
[python3-8] SmacHybrid planner failed to produce the path
[python3-8] Cycle:  96 out of:  100
[python3-8] Start geometry_msgs.msg.PoseStamped(header=std_msgs.msg.Header(stamp=builtin_interfaces.msg.Time(sec=1790815498, nanosec=648624723), frame_id='map'), pose=geometry_msgs.msg.Pose(position=geometry_msgs.msg.Point(x=9.300000138580799, y=14.200000211596489, z=0.0), orientation=geometry_msgs.msg.Quaternion(x=0.0, y=0.0, z=0.39403973441394213, w=0.9190934053201503)))
[python3-8] Goal geometry_msgs.msg.PoseStamped(header=std_msgs.msg.Header(stamp=builtin_interfaces.msg.Time(sec=1790815498, nanosec=648624723), frame_id='map'), pose=geometry_msgs.msg.Pose(position=geometry_msgs.msg.Point(x=1.1500000171363354, y=0.6000000089406967, z=0.0), orientation=geometry_msgs.msg.Quaternion(x=0.0, y=0.0, z=0.458247775841393, w=0.8888244910759472)))
[python3-8] [INFO] [1790815522.361855439] [basic_navigator]: Getting path...
[planner_server-4] [INFO] [1790815522.362240784] [planner_server]: Computing path to goal.
[rviz2-7] [INFO] [1790815522.622452249] [nav2_rviz_selector_node]: controller_server service not available
[planner_server-4] [WARN] [1790815523.140765154] [planner_server]: SmacHybridplugin failed to plan from (9.30, 14.20) [q: 0.00, 0.00, 0.39, 0.92] (yaw: 0.81) to (1.15, 0.60) [q: 0.00, 0.00, 0.46, 0.89] (yaw: 0.95): "exceeded maximum iterations"
[planner_server-4] [WARN] [1790815523.140816724] [planner_server]: [compute_path_to_pose] [ActionServer] Aborting handle. error_code:207, error_msg:'SmacHybridplugin failed to plan from (9.30, 14.20) [q: 0.00, 0.00, 0.39, 0.92] (yaw: 0.81) to (1.15, 0.60) [q: 0.00, 0.00, 0.46, 0.89] (yaw: 0.95): "exceeded maximum iterations"'.
[python3-8] SmacHybrid planner failed to produce the path
[python3-8] Cycle:  96 out of:  100
[python3-8] Start geometry_msgs.msg.PoseStamped(header=std_msgs.msg.Header(stamp=builtin_interfaces.msg.Time(sec=1790815498, nanosec=648624723), frame_id='map'), pose=geometry_msgs.msg.Pose(position=geometry_msgs.msg.Point(x=11.35000016912818, y=10.05000014975667, z=0.0), orientation=geometry_msgs.msg.Quaternion(x=-0.0, y=0.0, z=0.9899148628727796, w=-0.1416635601118574)))
[python3-8] Goal geometry_msgs.msg.PoseStamped(header=std_msgs.msg.Header(stamp=builtin_interfaces.msg.Time(sec=1790815498, nanosec=648624723), frame_id='map'), pose=geometry_msgs.msg.Pose(position=geometry_msgs.msg.Point(x=5.750000085681677, y=5.15000007674098, z=0.0), orientation=geometry_msgs.msg.Quaternion(x=-0.0, y=0.0, z=0.8599366716117832, w=-0.5104007453141581)))
[python3-8] [INFO] [1790815523.142237619] [basic_navigator]: Getting path...
[planner_server-4] [INFO] [1790815523.142654152] [planner_server]: Computing path to goal.
[python3-8] [INFO] [1790815523.153338126] [basic_navigator]: Smoothing path...
[smoother_server-5] [INFO] [1790815523.154072425] [smoother_server]: Received a path to smooth.
[python3-8] [INFO] [1790815523.157255565] [basic_navigator]: Smoothing path...
[smoother_server-5] [INFO] [1790815523.157845290] [smoother_server]: Received a path to smooth.
[python3-8] [INFO] [1790815523.160942576] [basic_navigator]: Smoothing path...
[smoother_server-5] [INFO] [1790815523.161577662] [smoother_server]: Received a path to smooth.
[python3-8] Cycle:  97 out of:  100
[python3-8] Start geometry_msgs.msg.PoseStamped(header=std_msgs.msg.Header(stamp=builtin_interfaces.msg.Time(sec=1790815498, nanosec=648624723), frame_id='map'), pose=geometry_msgs.msg.Pose(position=geometry_msgs.msg.Point(x=9.150000136345625, y=13.950000207871199, z=0.0), orientation=geometry_msgs.msg.Quaternion(x=-0.0, y=0.0, z=0.9920624986423004, w=-0.12574577045608942)))
[python3-8] Goal geometry_msgs.msg.PoseStamped(header=std_msgs.msg.Header(stamp=builtin_interfaces.msg.Time(sec=1790815498, nanosec=648624723), frame_id='map'), pose=geometry_msgs.msg.Pose(position=geometry_msgs.msg.Point(x=7.350000109523535, y=6.400000095367432, z=0.0), orientation=geometry_msgs.msg.Quaternion(x=0.0, y=0.0, z=0.741774488806208, w=0.6706493925713263)))
[python3-8] [INFO] [1790815523.164746412] [basic_navigator]: Getting path...
[planner_server-4] [INFO] [1790815523.165284517] [planner_server]: Computing path to goal.
[planner_server-4] [WARN] [1790815523.241037855] [planner_server]: Planner loop missed its desired rate of 20.0000 Hz. Current loop rate is 13.2008 Hz
[python3-8] [INFO] [1790815523.243279981] [basic_navigator]: Smoothing path...
[smoother_server-5] [INFO] [1790815523.244119343] [smoother_server]: Received a path to smooth.
[python3-8] [INFO] [1790815523.247343032] [basic_navigator]: Smoothing path...
[smoother_server-5] [INFO] [1790815523.247978751] [smoother_server]: Received a path to smooth.
[python3-8] [INFO] [1790815523.259838306] [basic_navigator]: Smoothing path...
[smoother_server-5] [INFO] [1790815523.260472762] [smoother_server]: Received a path to smooth.
[python3-8] Cycle:  98 out of:  100
[python3-8] Start geometry_msgs.msg.PoseStamped(header=std_msgs.msg.Header(stamp=builtin_interfaces.msg.Time(sec=1790815498, nanosec=648624723), frame_id='map'), pose=geometry_msgs.msg.Pose(position=geometry_msgs.msg.Point(x=5.4500000812113285, y=7.500000111758709, z=0.0), orientation=geometry_msgs.msg.Quaternion(x=-0.0, y=0.0, z=0.5188243342254809, w=-0.8548808748682394)))
[python3-8] Goal geometry_msgs.msg.PoseStamped(header=std_msgs.msg.Header(stamp=builtin_interfaces.msg.Time(sec=1790815498, nanosec=648624723), frame_id='map'), pose=geometry_msgs.msg.Pose(position=geometry_msgs.msg.Point(x=4.400000065565109, y=12.10000018030405, z=0.0), orientation=geometry_msgs.msg.Quaternion(x=-0.0, y=0.0, z=0.10612129329076654, w=-0.9943531923367547)))
[python3-8] [INFO] [1790815523.264236588] [basic_navigator]: Getting path...
[planner_server-4] [INFO] [1790815523.264711898] [planner_server]: Computing path to goal.
[planner_server-4] [WARN] [1790815523.398620950] [planner_server]: Planner loop missed its desired rate of 20.0000 Hz. Current loop rate is 7.4678 Hz
[python3-8] [INFO] [1790815523.400662967] [basic_navigator]: Smoothing path...
[smoother_server-5] [INFO] [1790815523.401550891] [smoother_server]: Received a path to smooth.
[python3-8] [INFO] [1790815523.404922883] [basic_navigator]: Smoothing path...
[smoother_server-5] [INFO] [1790815523.405662442] [smoother_server]: Received a path to smooth.
[python3-8] [INFO] [1790815523.415892707] [basic_navigator]: Smoothing path...
[smoother_server-5] [INFO] [1790815523.416583596] [smoother_server]: Received a path to smooth.
[python3-8] Cycle:  99 out of:  100
[python3-8] Start geometry_msgs.msg.PoseStamped(header=std_msgs.msg.Header(stamp=builtin_interfaces.msg.Time(sec=1790815498, nanosec=648624723), frame_id='map'), pose=geometry_msgs.msg.Pose(position=geometry_msgs.msg.Point(x=0.9500000141561031, y=8.950000133365393, z=0.0), orientation=geometry_msgs.msg.Quaternion(x=0.0, y=0.0, z=0.5734932732952677, w=0.8192102693967401)))
[python3-8] Goal geometry_msgs.msg.PoseStamped(header=std_msgs.msg.Header(stamp=builtin_interfaces.msg.Time(sec=1790815498, nanosec=648624723), frame_id='map'), pose=geometry_msgs.msg.Pose(position=geometry_msgs.msg.Point(x=9.250000137835741, y=10.600000157952309, z=0.0), orientation=geometry_msgs.msg.Quaternion(x=0.0, y=0.0, z=0.24256025316021487, w=0.9701363427822156)))
[python3-8] [INFO] [1790815523.420315603] [basic_navigator]: Getting path...
[planner_server-4] [INFO] [1790815523.420651829] [planner_server]: Computing path to goal.
[planner_server-4] [WARN] [1790815523.424731471] [planner_server]: SmacHybridplugin failed to plan from (0.95, 8.95) [q: 0.00, 0.00, 0.57, 0.82] (yaw: 1.22) to (9.25, 10.60) [q: 0.00, 0.00, 0.24, 0.97] (yaw: 0.49): "no valid path found"
[planner_server-4] [WARN] [1790815523.424760619] [planner_server]: [compute_path_to_pose] [ActionServer] Aborting handle. error_code:208, error_msg:'SmacHybridplugin failed to plan from (0.95, 8.95) [q: 0.00, 0.00, 0.57, 0.82] (yaw: 1.22) to (9.25, 10.60) [q: 0.00, 0.00, 0.24, 0.97] (yaw: 0.49): "no valid path found"'.
[python3-8] SmacHybrid planner failed to produce the path
[python3-8] Cycle:  99 out of:  100
[python3-8] Start geometry_msgs.msg.PoseStamped(header=std_msgs.msg.Header(stamp=builtin_interfaces.msg.Time(sec=1790815498, nanosec=648624723), frame_id='map'), pose=geometry_msgs.msg.Pose(position=geometry_msgs.msg.Point(x=4.250000063329935, y=2.7500000409781933, z=0.0), orientation=geometry_msgs.msg.Quaternion(x=0.0, y=0.0, z=0.6578700471661467, w=0.7531314633193942)))
[python3-8] Goal geometry_msgs.msg.PoseStamped(header=std_msgs.msg.Header(stamp=builtin_interfaces.msg.Time(sec=1790815498, nanosec=648624723), frame_id='map'), pose=geometry_msgs.msg.Pose(position=geometry_msgs.msg.Point(x=8.25000012293458, y=9.050000134855509, z=0.0), orientation=geometry_msgs.msg.Quaternion(x=-0.0, y=0.0, z=0.9640237816594311, w=-0.2658160047759531)))
[python3-8] [INFO] [1790815523.425853367] [basic_navigator]: Getting path...
[planner_server-4] [INFO] [1790815523.426056688] [planner_server]: Computing path to goal.
[python3-8] [INFO] [1790815523.466799885] [basic_navigator]: Smoothing path...
[smoother_server-5] [INFO] [1790815523.467576830] [smoother_server]: Received a path to smooth.
[python3-8] [INFO] [1790815523.472101597] [basic_navigator]: Smoothing path...
[smoother_server-5] [INFO] [1790815523.472792490] [smoother_server]: Received a path to smooth.
[python3-8] [INFO] [1790815523.483828527] [basic_navigator]: Smoothing path...
[smoother_server-5] [INFO] [1790815523.484712951] [smoother_server]: Received a path to smooth.
[python3-8] Write Results...
[rviz2-7] [INFO] [1790815523.626995197] [nav2_rviz_selector_node]: controller_server service not available
[python3-8] Write Complete
[INFO] [python3-8]: process has finished cleanly [pid 799]
[rviz2-7] [INFO] [1790815524.629911136] [nav2_rviz_selector_node]: controller_server service not available
[rviz2-7] [INFO] [1790815525.634316805] [nav2_rviz_selector_node]: controller_server service not available
[rviz2-7] [INFO] [1790815525.636359902] [nav2_rviz_selector_node]: Failed to load plugins. Retrying...
